name,appID,playTime,playTime2,logoURL,disabled,
$1 Ride,508290,0,0,https://steamcdn-a.akamaihd.net/steamcommunity/public/images/apps/508290/cb59c2e9616f6a46ba2106654cc5f989e41b3e24.jpg,false,
3DMark,223850,108,0,https://steamcdn-a.akamaihd.net/steamcommunity/public/images/apps/223850/b3685601ae7686e9074eaf07893c89a8d77be6e0.jpg,false,
ABZÛ,384190,11,0,https://steamcdn-a.akamaihd.net/steamcommunity/public/images/apps/384190/8ddd3b70bf7c92ad9e7fb3eda763fcf558ea8b99.jpg,false,
ACE COMBAT™ ASSAULT HORIZON Enhanced Edition,228400,0,0,https://steamcdn-a.akamaihd.net/steamcommunity/public/images/apps/228400/83fa0368512c32d0838ae8bb2a1e2069e3d958ec.jpg,false,
ADR1FT,300060,0,0,https://steamcdn-a.akamaihd.net/steamcommunity/public/images/apps/300060/8d730f59bab9744457c45af366566d90378572cb.jpg,false,
Adventurezator: When Pigs Fly,300280,0,0,https://steamcdn-a.akamaihd.net/steamcommunity/public/images/apps/300280/f0cc48087020820cc7266e8ae4c51ed88aa7e940.jpg,false,
Age of Empires III: Complete Collection,105450,66,0,https://steamcdn-a.akamaihd.net/steamcommunity/public/images/apps/105450/c5ad5a14c259ea16f1193c32c2753fc037b9d42b.jpg,false,
Age of Wonders III,226840,0,0,https://steamcdn-a.akamaihd.net/steamcommunity/public/images/apps/226840/483f2109667a840b923967648be8c8289c1d2fb9.jpg,false,
Alan Wake,108710,0,0,https://steamcdn-a.akamaihd.net/steamcommunity/public/images/apps/108710/0f9b6613ac50bf42639ed6a2e16e9b78e846ef0a.jpg,false,
Alan Wake's American Nightmare,202750,127,0,https://steamcdn-a.akamaihd.net/steamcommunity/public/images/apps/202750/d3593fa14e4ea8685dc6b1f71dbaa980c013ff02.jpg,false,
Alien: Isolation,214490,57,0,https://steamcdn-a.akamaihd.net/steamcommunity/public/images/apps/214490/6cdbe0113548dad8cee3d24fbace9abe298ac9af.jpg,false,
American Truck Simulator,270880,15,0,https://steamcdn-a.akamaihd.net/steamcommunity/public/images/apps/270880/1d93a00f121fc54c8889f6074092faf6a990c712.jpg,false,
Amnesia: A Machine for Pigs,239200,0,0,https://steamcdn-a.akamaihd.net/steamcommunity/public/images/apps/239200/5df7be324aa92b538c4ef24cbdec85dbbcf950fc.jpg,false,
Amnesia: The Dark Descent,57300,0,0,https://steamcdn-a.akamaihd.net/steamcommunity/public/images/apps/57300/75b8a82acfb05abda97977ac4eb5af20e0dcf01e.jpg,false,
Ampersand,410210,0,0,https://steamcdn-a.akamaihd.net/steamcommunity/public/images/apps/410210/3f180fe4518dd62e8e09858d6f7263da89e19e0f.jpg,false,
Anno 2070,48240,45,0,https://steamcdn-a.akamaihd.net/steamcommunity/public/images/apps/48240/96fa0d0f7d3a2cfbd46cfbb3ec266e4fbc9c9953.jpg,false,
Aritana and the Harpy's Feather,314360,20,0,https://steamcdn-a.akamaihd.net/steamcommunity/public/images/apps/314360/c8a8be54ecc35d9bdfc834bb62d193875b778637.jpg,false,
Arma: Cold War Assault,65790,0,0,https://steamcdn-a.akamaihd.net/steamcommunity/public/images/apps/65790/0646bac7ae94d0660b91f8b9b47573ef51358549.jpg,false,
Assassin's Creed,15100,0,0,https://steamcdn-a.akamaihd.net/steamcommunity/public/images/apps/15100/5450218e6f8ea246272cddcb2ab9a453b0ca7ef5.jpg,false,
Assassin's Creed Brotherhood,48190,0,0,https://steamcdn-a.akamaihd.net/steamcommunity/public/images/apps/48190/00991d5d48183ce4148617ff0fe9db2fabda346b.jpg,false,
Assassin's Creed II,33230,0,0,https://steamcdn-a.akamaihd.net/steamcommunity/public/images/apps/33230/6d29461ee9303967cb32c2142afaf9bbdb911b6f.jpg,false,
Assetto Corsa,244210,1617,0,https://steamcdn-a.akamaihd.net/steamcommunity/public/images/apps/244210/b8852bb29c32345917e61c05f159a4196d205da2.jpg,false,
Assetto Corsa Competizione,805550,10,0,https://steamcdn-a.akamaihd.net/steamcommunity/public/images/apps/805550/6cff74ce90dc4fddbc7cd171bfe98fd78402c6f5.jpg,false,
Automobilista,431600,1451,0,https://steamcdn-a.akamaihd.net/steamcommunity/public/images/apps/431600/4ee3fb082ebcb68f8696a60ef102534c943c6380.jpg,false,
Back to Bed,308040,0,0,https://steamcdn-a.akamaihd.net/steamcommunity/public/images/apps/308040/92db8bb5a5f230d7dad9e8624221beba3797edb1.jpg,false,
Bang Bang Racing,207020,0,0,https://steamcdn-a.akamaihd.net/steamcommunity/public/images/apps/207020/1be4622bb1ec43248fe18a990f9e9ffc003e939f.jpg,false,
Banished,242920,0,0,https://steamcdn-a.akamaihd.net/steamcommunity/public/images/apps/242920/2a62342148979d18e2b50ab8c5eebcfe6c99295c.jpg,false,
BASEBALL STARS 2,366230,0,0,https://steamcdn-a.akamaihd.net/steamcommunity/public/images/apps/366230/5d8f5a1ab41576016b3a6dd9d6ed400924923fce.jpg,false,
Bastion,107100,73,0,https://steamcdn-a.akamaihd.net/steamcommunity/public/images/apps/107100/d113d66ef88069d7d35a74cfaf2e2ee917f61133.jpg,false,
Batman: Arkham Asylum GOTY Edition,35140,212,0,https://steamcdn-a.akamaihd.net/steamcommunity/public/images/apps/35140/172e0928b845c18491f1a8fee0dafe7a146ac129.jpg,false,
Batman: Arkham City GOTY,200260,129,0,https://steamcdn-a.akamaihd.net/steamcommunity/public/images/apps/200260/9b229e12fd5ce27bd101d5862c19b1a6e3d01239.jpg,false,
Batman™: Arkham Knight,208650,558,0,https://steamcdn-a.akamaihd.net/steamcommunity/public/images/apps/208650/8968f6628f8207ee0ea7222d10a2ecd09d582a62.jpg,false,
Batman™: Arkham Origins,209000,57,0,https://steamcdn-a.akamaihd.net/steamcommunity/public/images/apps/209000/21a0c80630abe3a9dceddcbc224ed6b5b763c5b9.jpg,false,
Batman™: Arkham Origins Blackgate - Deluxe Edition,267490,23,0,https://steamcdn-a.akamaihd.net/steamcommunity/public/images/apps/267490/166af0bf5a982e91a9b31d89a88c6c7b269ba2fc.jpg,false,
Battleborn,394230,0,0,https://steamcdn-a.akamaihd.net/steamcommunity/public/images/apps/394230/4e73c35486b3d1a58420f9fa937f6603e3fd2039.jpg,false,
BeamNG.drive,284160,11,0,https://steamcdn-a.akamaihd.net/steamcommunity/public/images/apps/284160/a4889acd10945f84e62724d0311105cf3eec7aec.jpg,false,
Beware Planet Earth,267340,0,0,https://steamcdn-a.akamaihd.net/steamcommunity/public/images/apps/267340/8eba0d0619522d9c8f33731217d433b4b04d0005.jpg,false,
Binary Domain,203750,58,0,https://steamcdn-a.akamaihd.net/steamcommunity/public/images/apps/203750/101cf86ad6b8d8ce6328c373d23b0b09318b5a1f.jpg,false,
Bionic Commando,21670,24,0,https://steamcdn-a.akamaihd.net/steamcommunity/public/images/apps/21670/e6e7dd4fd7630a1650e31a960140f27272f28950.jpg,false,
Bionic Commando Rearmed,21680,69,0,https://steamcdn-a.akamaihd.net/steamcommunity/public/images/apps/21680/e4cd5c221f95bcb58518543ab17839bf30ca6a09.jpg,false,
BioShock,7670,0,0,https://steamcdn-a.akamaihd.net/steamcommunity/public/images/apps/7670/4c2a7f97e6556a95319eb346aed7beff9fe0535c.jpg,false,
BioShock 2,8850,0,0,https://steamcdn-a.akamaihd.net/steamcommunity/public/images/apps/8850/fde6fa1b15e4eb409c9d592197024571fded77e7.jpg,false,
BioShock 2 Remastered,409720,49,0,https://steamcdn-a.akamaihd.net/steamcommunity/public/images/apps/409720/34c3f591cf4cb28711d7f33f73dee0f09cdb94a4.jpg,false,
BioShock Infinite,8870,35,0,https://steamcdn-a.akamaihd.net/steamcommunity/public/images/apps/8870/870bb889e192cf8d31876ed04d329a5d51c6fc2c.jpg,false,
BioShock Remastered,409710,0,0,https://steamcdn-a.akamaihd.net/steamcommunity/public/images/apps/409710/cb7318b68128f6aa90c9e4e2d14544281ac22da0.jpg,false,
bit Dungeon II,331440,0,0,https://steamcdn-a.akamaihd.net/steamcommunity/public/images/apps/331440/8db3bbb4b99cd0f8ae7d4e5f1f36c1f4096dc2f4.jpg,false,
BIT.TRIP RUNNER,63710,133,0,https://steamcdn-a.akamaihd.net/steamcommunity/public/images/apps/63710/13cdddc55559cd4f47fbe970c9ad0de6bebb2f21.jpg,false,
Blades of Time,208670,25,0,https://steamcdn-a.akamaihd.net/steamcommunity/public/images/apps/208670/1d3d3d42f41e9a0c6aa7c43970a4b4b30f2dcc11.jpg,false,
BlazeRush,302710,29,0,https://steamcdn-a.akamaihd.net/steamcommunity/public/images/apps/302710/30d7b32f245338c3326f99c9788b39ba36a9e4e3.jpg,false,
Blender,365670,0,0,https://steamcdn-a.akamaihd.net/steamcommunity/public/images/apps/365670/5c4f9e482338e1ac7de6eb063d1a7dcf6df1e312.jpg,false,
Borderlands,8980,0,0,https://steamcdn-a.akamaihd.net/steamcommunity/public/images/apps/8980/88ec298ff1ff0d748df39e084892aed6e919b146.jpg,false,
Borderlands 2,49520,0,0,https://steamcdn-a.akamaihd.net/steamcommunity/public/images/apps/49520/86b0fa5ddb41b4dfff7df194a017f3418130d668.jpg,false,
Borderless Gaming,388080,765,0,https://steamcdn-a.akamaihd.net/steamcommunity/public/images/apps/388080/18ff9984bb7c33de334cd01332e0f189ccbe48b2.jpg,false,
Brütal Legend,225260,0,0,https://steamcdn-a.akamaihd.net/steamcommunity/public/images/apps/225260/cc8b60ac1fa649c950ff7a9881b98709b8372f94.jpg,false,
Braid,26800,0,0,https://steamcdn-a.akamaihd.net/steamcommunity/public/images/apps/26800/dc76bb847fbb82ca81e122927541398d41638ac8.jpg,false,
Broforce,274190,17,0,https://steamcdn-a.akamaihd.net/steamcommunity/public/images/apps/274190/c6728f33769caf6ea6b2a4421579d91fe3029eca.jpg,false,
Brothers - A Tale of Two Sons,225080,0,0,https://steamcdn-a.akamaihd.net/steamcommunity/public/images/apps/225080/12f5c3aaa2b1d69d0786e1d09e0b77e2da6f8980.jpg,false,
Bullshot,436530,22,0,https://steamcdn-a.akamaihd.net/steamcommunity/public/images/apps/436530/76b58aa8329ea5a499298f9891b0249037a1ac33.jpg,false,
Bully: Scholarship Edition,12200,17,0,https://steamcdn-a.akamaihd.net/steamcommunity/public/images/apps/12200/e2aad562be7e67c2477972fa738675e005cb73df.jpg,false,
Bunny & Piggy,549810,0,0,https://steamcdn-a.akamaihd.net/steamcommunity/public/images/apps/549810/fdb4e8a1a22db56d8666c926d9e29d7c5039a26c.jpg,false,
Burnout Paradise: The Ultimate Box,24740,226,0,https://steamcdn-a.akamaihd.net/steamcommunity/public/images/apps/24740/196d5d0945d6c608a621cf7d44429644ebeae267.jpg,false,
Bus-Simulator 2012,253770,0,0,https://steamcdn-a.akamaihd.net/steamcommunity/public/images/apps/253770/c2bf5d8b0fb45dd2998d8f0939bc26580f5b7350.jpg,false,
Calcu-Late,449200,0,0,https://steamcdn-a.akamaihd.net/steamcommunity/public/images/apps/449200/98798a0fb0df57185b9e35501c98f8a27732c443.jpg,false,
Call of Juarez Gunslinger,204450,46,0,https://steamcdn-a.akamaihd.net/steamcommunity/public/images/apps/204450/643f4290bce8f5bd18d24c8c1e85d4265767b3c9.jpg,false,
Castle Crashers,204360,27,0,https://steamcdn-a.akamaihd.net/steamcommunity/public/images/apps/204360/793216ec14c639bdaf2f0119c8cc408b8e9ad7b1.jpg,false,
Castlevania: Lords of Shadow - Ultimate Edition,234080,23,0,https://steamcdn-a.akamaihd.net/steamcommunity/public/images/apps/234080/3110df525bb5be2afcf92d50b11b31b2eb0f7f23.jpg,false,
Castlevania: Lords of Shadow 2,239250,0,0,https://steamcdn-a.akamaihd.net/steamcommunity/public/images/apps/239250/788026250ab01c40deabb1b257702cd0f1013758.jpg,false,
Castlevania: Lords of Shadow – Mirror of Fate HD,282530,0,0,https://steamcdn-a.akamaihd.net/steamcommunity/public/images/apps/282530/7b0e58ad9558a280cda8e49654132f301ebac79e.jpg,false,
Catch a Falling Star,451880,0,0,https://steamcdn-a.akamaihd.net/steamcommunity/public/images/apps/451880/95abfd00b7f6eafc508cb235f6c8646547af0346.jpg,false,
Catzilla,261920,53,0,https://steamcdn-a.akamaihd.net/steamcommunity/public/images/apps/261920/315a5a5a39de2051c0ec13d549c1bdd4d18d7c60.jpg,false,
Chivalry: Medieval Warfare,219640,6,0,https://steamcdn-a.akamaihd.net/steamcommunity/public/images/apps/219640/dd3488ae69593cedf5e73b818ae98e6737aa956c.jpg,false,
Chroma Squad,251130,16,0,https://steamcdn-a.akamaihd.net/steamcommunity/public/images/apps/251130/a6da7d47dbec8da73cd445e36580dbd0af419e2b.jpg,false,
Cities: Skylines,255710,106,0,https://steamcdn-a.akamaihd.net/steamcommunity/public/images/apps/255710/1b90f32be112870a4fa22c819a358d047b38d97f.jpg,false,
City Car Driving,493490,128,0,https://steamcdn-a.akamaihd.net/steamcommunity/public/images/apps/493490/8d9e136eb9e8f005495ae5c94a6fabd25aa5971b.jpg,false,
Clergy Splode,403900,0,0,https://steamcdn-a.akamaihd.net/steamcommunity/public/images/apps/403900/c62cf47925d52948ab88cc312692da981847ab6c.jpg,false,
Colin McRae Rally,287340,0,0,https://steamcdn-a.akamaihd.net/steamcommunity/public/images/apps/287340/db0986dbbb106cd5be74caa89a6b345ce8820755.jpg,false,
Command and Conquer: Red Alert 3 - Uprising,24800,0,0,https://steamcdn-a.akamaihd.net/steamcommunity/public/images/apps/24800/de6777c6cf277967764224514fb200af9197ae2e.jpg,false,
Commander Cool 2,356070,0,0,https://steamcdn-a.akamaihd.net/steamcommunity/public/images/apps/356070/5f542459bbb10d0fd2fa0e611034e3ba745325e1.jpg,false,
Company of Heroes ,228200,0,0,https://steamcdn-a.akamaihd.net/steamcommunity/public/images/apps/228200/87aa009e93d5aa56a55d0e9056708d018ddd6483.jpg,false,
Company of Heroes - Legacy Edition,4560,0,0,https://steamcdn-a.akamaihd.net/steamcommunity/public/images/apps/4560/e12e8695c6766b47a089351dd9c4531e669c2a7b.jpg,false,
Company of Heroes 2,231430,8,0,https://steamcdn-a.akamaihd.net/steamcommunity/public/images/apps/231430/1be017e709b9b0638e82b399cc97de4667f44a1e.jpg,false,
Company of Heroes: Opposing Fronts,9340,0,0,https://steamcdn-a.akamaihd.net/steamcommunity/public/images/apps/9340/830c99099ea2cfecfe74c41f376fc892a09dd181.jpg,false,
Company of Heroes: Tales of Valor,20540,0,0,https://steamcdn-a.akamaihd.net/steamcommunity/public/images/apps/20540/ed0c55412acea558d025a3e238e2b7341edc5c41.jpg,false,
Controller Companion,367670,1,0,https://steamcdn-a.akamaihd.net/steamcommunity/public/images/apps/367670/995c1c828e8de21b8f3e9cfd78bce166df4bbc20.jpg,false,
Cook, Serve, Delicious!,247020,36,false,https://steamcdn-a.akamaihd.net/steamcommunity/public/images/apps/247020/147c902c85b3e96d834932f692122bb228bf8233.jpg
Cortex Command,209670,7,0,https://steamcdn-a.akamaihd.net/steamcommunity/public/images/apps/209670/ddd5f720fc2968c4a8fe15c2e8a428f3b5936e86.jpg,false,
Cosmic Dust & Rust,473560,0,0,https://steamcdn-a.akamaihd.net/steamcommunity/public/images/apps/473560/4e163690ad55fc75719ebe301bfcf52948aec6e8.jpg,false,
Costume Quest,115100,0,0,https://steamcdn-a.akamaihd.net/steamcommunity/public/images/apps/115100/125ad90dba2c6c3726837ae9c1889d8009f806a9.jpg,false,
Costume Quest 2,275180,0,0,https://steamcdn-a.akamaihd.net/steamcommunity/public/images/apps/275180/424c83b6825582c439696a47718cfb0dd8defcec.jpg,false,
Counter-Strike: Global Offensive,730,200,0,https://steamcdn-a.akamaihd.net/steamcommunity/public/images/apps/730/d0595ff02f5c79fd19b06f4d6165c3fda2372820.jpg,false,
Crash Time II,11390,5,0,https://steamcdn-a.akamaihd.net/steamcommunity/public/images/apps/11390/e0f0078e658a034f0486f4895226435b38318677.jpg,false,
Crash Time III,33620,0,0,https://steamcdn-a.akamaihd.net/steamcommunity/public/images/apps/33620/29a8bb3de4a60fa2307d0be600210af54ac56b3d.jpg,false,
Crazy Taxi,71230,18,0,https://steamcdn-a.akamaihd.net/steamcommunity/public/images/apps/71230/be180e020c4e1ca0a13ec1a9006a1235b6a9eb50.jpg,false,
Crusader Kings II,203770,0,0,https://steamcdn-a.akamaihd.net/steamcommunity/public/images/apps/203770/a3170e4c1889a7e2a360feef61e07a5aee51dc88.jpg,false,
Crysis 2 Maximum Edition,108800,86,0,https://steamcdn-a.akamaihd.net/steamcommunity/public/images/apps/108800/bee338e11932e97e995b6e2d84d0772f7b22f2a9.jpg,false,
Cuphead,268910,309,0,https://steamcdn-a.akamaihd.net/steamcommunity/public/images/apps/268910/d7007e2e5eeedc7da58e8b2c79fcf16fcded19fe.jpg,false,
Damned,251170,0,0,https://steamcdn-a.akamaihd.net/steamcommunity/public/images/apps/251170/b0f1b6ce8e363a5c1b0396ff73b7497f5228dfdf.jpg,false,
Dangerous Golf,405500,0,0,https://steamcdn-a.akamaihd.net/steamcommunity/public/images/apps/405500/3a44658f057eed8b95adad2a152c3f47023de4a8.jpg,false,
DARK SOULS™ II: Scholar of the First Sin,335300,86,0,https://steamcdn-a.akamaihd.net/steamcommunity/public/images/apps/335300/6ca16aa1b83311e5e3e8f0f0c2b8046f5d9e95a8.jpg,false,
DARK SOULS™: Prepare To Die Edition,211420,178,0,https://steamcdn-a.akamaihd.net/steamcommunity/public/images/apps/211420/d293c8e38f56de2c7097b2c7a975caca49029a8b.jpg,false,
Darksiders,50620,29,0,https://steamcdn-a.akamaihd.net/steamcommunity/public/images/apps/50620/14bd29bc9b291081b63258e3bfbbf5bb655c2347.jpg,false,
Darksiders II,50650,8,0,https://steamcdn-a.akamaihd.net/steamcommunity/public/images/apps/50650/b0b8edfa57f332dc529c04b4dd2f5475227e71ac.jpg,false,
Darksiders Warmastered Edition,462780,84,0,https://steamcdn-a.akamaihd.net/steamcommunity/public/images/apps/462780/f188a32787983ef5346157473a4d8ba0ed024d98.jpg,false,
Day of Defeat: Source,300,0,0,https://steamcdn-a.akamaihd.net/steamcommunity/public/images/apps/300/e3a4313690bd551495a88e1c01951eb26cec7611.jpg,false,
DCS World Steam Edition,223750,0,0,https://steamcdn-a.akamaihd.net/steamcommunity/public/images/apps/223750/27fff67df94901f4b58ded075f9a8ad20f74abeb.jpg,false,
Dead Island,91310,60,0,https://steamcdn-a.akamaihd.net/steamcommunity/public/images/apps/91310/62632a275a4cc08f0238ed3d589ce1d8627fde91.jpg,false,
Dead Rising,427190,12,0,https://steamcdn-a.akamaihd.net/steamcommunity/public/images/apps/427190/f77418310c04d3b81500dff57b34026d8753cac3.jpg,false,
Dead Space,17470,16,0,https://steamcdn-a.akamaihd.net/steamcommunity/public/images/apps/17470/01400b8d7847c309e5d47d7ceb3f885f47247501.jpg,false,
DeadCore,284460,0,0,https://steamcdn-a.akamaihd.net/steamcommunity/public/images/apps/284460/cfc9a6d858f1cdd1c6774be5514c3922d3b6caeb.jpg,false,
Deadlight,211400,95,0,https://steamcdn-a.akamaihd.net/steamcommunity/public/images/apps/211400/999ca8e7a742d1eff2cb6708dd12036952b31163.jpg,false,
Death Rally (Classic),358270,0,0,https://steamcdn-a.akamaihd.net/steamcommunity/public/images/apps/358270/71822239d2a8d3a92fbf4f52a09dd08b02fcd567.jpg,false,
Deep Dungeons of Doom,325090,0,0,https://steamcdn-a.akamaihd.net/steamcommunity/public/images/apps/325090/9b3e472bf580968bc6cd83393092b2a11fbd41cc.jpg,false,
Deep Space Dash,493650,0,0,https://steamcdn-a.akamaihd.net/steamcommunity/public/images/apps/493650/ef9cfbadf0e8a8f5e99d960c870eb660fa2473fc.jpg,false,
Desert Law,356280,0,0,https://steamcdn-a.akamaihd.net/steamcommunity/public/images/apps/356280/9b154cb747a310545340bbbb89a9b13e78580194.jpg,false,
Deus Ex: Human Revolution,28050,94,0,https://steamcdn-a.akamaihd.net/steamcommunity/public/images/apps/28050/93705ac83aa363ce6ead3f6aad7fa4292d3cd80f.jpg,false,
Devil May Cry 3: Special Edition,6550,9,0,https://steamcdn-a.akamaihd.net/steamcommunity/public/images/apps/6550/b26ae9eee26c206b2b3bfab7d365f707e20854a3.jpg,false,
DiRT 3,44320,126,0,https://steamcdn-a.akamaihd.net/steamcommunity/public/images/apps/44320/fad5f8433cda40c9fa3b1488d75eefa42cf0a765.jpg,false,
DiRT 3 Complete Edition,321040,330,0,https://steamcdn-a.akamaihd.net/steamcommunity/public/images/apps/321040/bb89ef19777c30c8551b0f4eea296d6ca33007cc.jpg,false,
DiRT Rally,310560,403,0,https://steamcdn-a.akamaihd.net/steamcommunity/public/images/apps/310560/ac1200d420a187ec457597d7b954bac14693f573.jpg,false,
DiRT Showdown,201700,13,0,https://steamcdn-a.akamaihd.net/steamcommunity/public/images/apps/201700/531aad068bd1950bfff9c3f92cf908b58c507d89.jpg,false,
Dishonored,205100,119,0,https://steamcdn-a.akamaihd.net/steamcommunity/public/images/apps/205100/b94f5ff693304b7f70f88403d444686c4af3b940.jpg,false,
DisplayFusion,227260,11,0,https://steamcdn-a.akamaihd.net/steamcommunity/public/images/apps/227260/bf3469268ad02e6be697f1101a1b33d24675b776.jpg,false,
Distant Space,569610,17,0,https://steamcdn-a.akamaihd.net/steamcommunity/public/images/apps/569610/6d624bf06d2be6621b7be17c65a7c7e6204dd757.jpg,false,
DmC Devil May Cry,220440,73,0,https://steamcdn-a.akamaihd.net/steamcommunity/public/images/apps/220440/2ab620349a9efef60523e04f9d0fd9f8bb807e0e.jpg,false,
DOOM,379720,112,0,https://steamcdn-a.akamaihd.net/steamcommunity/public/images/apps/379720/2e6aa9a14a0da798fe9f1c0a4d0bacecf241c0a2.jpg,false,
DOOM 3: BFG Edition,208200,21,0,https://steamcdn-a.akamaihd.net/steamcommunity/public/images/apps/208200/e5a209be19bf207fc9950ab03bde98cc736475d6.jpg,false,
Dota 2 Test,205790,0,0,https://steamcdn-a.akamaihd.net/steamcommunity/public/images/apps/205790/.jpg,true,
Double Dragon Neon,252350,211,0,https://steamcdn-a.akamaihd.net/steamcommunity/public/images/apps/252350/43989029476dcdfcfc4ec6af3094e74dbab3dcb0.jpg,false,
Drayt Empire,502140,0,0,https://steamcdn-a.akamaihd.net/steamcommunity/public/images/apps/502140/6dec21a1a32f1f0e15912985a5e01c4327b44b33.jpg,false,
Dreaming Sarah,296870,134,0,https://steamcdn-a.akamaihd.net/steamcommunity/public/images/apps/296870/4cdfbc8074d883d9ba6131708b6d2d367bc314cc.jpg,false,
Drive Megapolis,514970,0,0,https://steamcdn-a.akamaihd.net/steamcommunity/public/images/apps/514970/6db225e51353a90d1f5419da0f4b1eea2f92d390.jpg,false,
Driver: Parallel Lines,21780,48,0,https://steamcdn-a.akamaihd.net/steamcommunity/public/images/apps/21780/4aca75556a05dcd23f01a912492dadd3460df4c0.jpg,false,
DUCATI - 90th Anniversary,456780,0,0,https://steamcdn-a.akamaihd.net/steamcommunity/public/images/apps/456780/955df44a05dcf16bd12889e28b348f08697aa006.jpg,false,
Dungeon Souls,383230,0,0,https://steamcdn-a.akamaihd.net/steamcommunity/public/images/apps/383230/ee42f09ab90d0327927f378c5bb09194d7470daa.jpg,false,
Dying Light,239140,95,0,https://steamcdn-a.akamaihd.net/steamcommunity/public/images/apps/239140/a2656cade3af57d07d0a9622d3b52745b26b2225.jpg,false,
Eaten Alive,403560,0,0,https://steamcdn-a.akamaihd.net/steamcommunity/public/images/apps/403560/e035cbc631ac5f3e415d3da45faa6cbb3a889640.jpg,false,
EDGE,38740,7,0,https://steamcdn-a.akamaihd.net/steamcommunity/public/images/apps/38740/9c86ad3f647def777dc7072d72f4081b006b4844.jpg,false,
ENSLAVED: Odyssey to the West Premium Edition,245280,20,0,https://steamcdn-a.akamaihd.net/steamcommunity/public/images/apps/245280/77ec5f0a5542d439e118845060ead9fe16b4a14e.jpg,false,
Eon Altar,382050,0,0,https://steamcdn-a.akamaihd.net/steamcommunity/public/images/apps/382050/89d00833b754773b41a5583de718e29a0bf24d42.jpg,false,
Escape Machines,363490,0,0,https://steamcdn-a.akamaihd.net/steamcommunity/public/images/apps/363490/e8d2f2ac312226a123adca317d9777f4b7e19690.jpg,false,
Ethan: Meteor Hunter,266330,52,0,https://steamcdn-a.akamaihd.net/steamcommunity/public/images/apps/266330/2c4c14449e11d337e9ff351be1706f41492eca0d.jpg,false,
Etherlords,270770,0,0,https://steamcdn-a.akamaihd.net/steamcommunity/public/images/apps/270770/3bfe6530e26904bc3e286ff3a31fefea6a122895.jpg,false,
Etherlords II,270790,0,0,https://steamcdn-a.akamaihd.net/steamcommunity/public/images/apps/270790/ea1160d45033dc1b60579e5b4f8bdc3dbe6a2e5d.jpg,false,
Euro Truck Simulator,232010,0,0,https://steamcdn-a.akamaihd.net/steamcommunity/public/images/apps/232010/fa3886315d9586671506c7149c1e4ecae653ce13.jpg,false,
Euro Truck Simulator 2,227300,299,0,https://steamcdn-a.akamaihd.net/steamcommunity/public/images/apps/227300/719b87f11209f9f20aeb237b3c6a42992bcf7c57.jpg,false,
Eversion ,33680,3,0,https://steamcdn-a.akamaihd.net/steamcommunity/public/images/apps/33680/4dd24fc0880c8ba5b754a745f5a3a9d719a488c1.jpg,false,
Evolve Stage 2,273350,0,0,https://steamcdn-a.akamaihd.net/steamcommunity/public/images/apps/273350/df025d71b278e46eb9322230bbd19c0cb8004b0d.jpg,false,
F.E.A.R.,21090,0,0,https://steamcdn-a.akamaihd.net/steamcommunity/public/images/apps/21090/df122e0ee9eb2a5371910ffda0f8a3382e09232e.jpg,false,
F.E.A.R. 2: Project Origin,16450,0,0,https://steamcdn-a.akamaihd.net/steamcommunity/public/images/apps/16450/41734347c3f05fe7dd797570130f5069c08f9d1b.jpg,false,
F.E.A.R. 3,21100,0,0,https://steamcdn-a.akamaihd.net/steamcommunity/public/images/apps/21100/d2fcf83ec76e845ed19f4ff8324304e2981af391.jpg,false,
F.E.A.R.: Extraction Point,21110,0,0,https://steamcdn-a.akamaihd.net/steamcommunity/public/images/apps/21110/df122e0ee9eb2a5371910ffda0f8a3382e09232e.jpg,true,
F.E.A.R.: Perseus Mandate,21120,0,0,https://steamcdn-a.akamaihd.net/steamcommunity/public/images/apps/21120/df122e0ee9eb2a5371910ffda0f8a3382e09232e.jpg,true,
F1 2012,208500,401,0,https://steamcdn-a.akamaihd.net/steamcommunity/public/images/apps/208500/7c481c58e00ca60fc50f08a08a4fea1dc52ba814.jpg,false,
F1 2013,223670,560,0,https://steamcdn-a.akamaihd.net/steamcommunity/public/images/apps/223670/b54656a1714724b35181f696e13bd4e01f3697c5.jpg,false,
F1 2015,286570,255,0,https://steamcdn-a.akamaihd.net/steamcommunity/public/images/apps/286570/7f31abdf6d6a1ce630cb96f3ac34a8a6be6243c8.jpg,false,
F1 2016,391040,500,0,https://steamcdn-a.akamaihd.net/steamcommunity/public/images/apps/391040/7372d3aa2861d63fa02f2069297d014fe3ab3b7f.jpg,false,
F1 Race Stars,203680,93,0,https://steamcdn-a.akamaihd.net/steamcommunity/public/images/apps/203680/ea768d263317c9ae416ba63df9e2e3fd8e4a7682.jpg,false,
Fahrenheit: Indigo Prophecy Remastered,312840,0,0,https://steamcdn-a.akamaihd.net/steamcommunity/public/images/apps/312840/e176c7506da0a20e339a5b64d2c19debf39fd837.jpg,false,
Fallout 3 - Game of the Year Edition,22370,0,0,https://steamcdn-a.akamaihd.net/steamcommunity/public/images/apps/22370/ddccc41c513694e7a5542aa115e9e091d6495420.jpg,false,
Fallout: New Vegas,22380,212,0,https://steamcdn-a.akamaihd.net/steamcommunity/public/images/apps/22380/1a52975c043227184162627285e4bc0c83216e02.jpg,false,
Far Cry,13520,0,0,https://steamcdn-a.akamaihd.net/steamcommunity/public/images/apps/13520/85cd787d6a73c2aaba39df0e53c8a75afcca6d68.jpg,false,
Far Cry 2,19900,76,0,https://steamcdn-a.akamaihd.net/steamcommunity/public/images/apps/19900/3fa04cb86e9512e8ff4f520860db163e86243dd8.jpg,false,
Far Cry 3,220240,42,0,https://steamcdn-a.akamaihd.net/steamcommunity/public/images/apps/220240/47811cc7821070306a24622b5d33c04c85264279.jpg,false,
Far Cry 5,552520,366,0,https://steamcdn-a.akamaihd.net/steamcommunity/public/images/apps/552520/652709a022202fc36d65674a0bdf9519a0c18981.jpg,false,
Farming Simulator 15,313160,14,0,https://steamcdn-a.akamaihd.net/steamcommunity/public/images/apps/313160/c69de320668ec24adb17bad4faba87da87bf9a9f.jpg,false,
FATE: Undiscovered Realms,276890,0,0,https://steamcdn-a.akamaihd.net/steamcommunity/public/images/apps/276890/ac655ed229924729a62b6f29f6969fdb2d7c5d48.jpg,false,
FEZ,224760,26,0,https://steamcdn-a.akamaihd.net/steamcommunity/public/images/apps/224760/d2789dc5fb6bfee4d07cd3ec06985593fffd606c.jpg,false,
FINAL FANTASY VII,39140,63,0,https://steamcdn-a.akamaihd.net/steamcommunity/public/images/apps/39140/a54e96c44d2b2c65a75702655ef47df336e0492a.jpg,false,
FINAL FANTASY VIII,39150,21,0,https://steamcdn-a.akamaihd.net/steamcommunity/public/images/apps/39150/0c912769e975586cdcfe4a6b008d538f1f96a032.jpg,false,
Final Quest,512640,0,0,https://steamcdn-a.akamaihd.net/steamcommunity/public/images/apps/512640/223be445f3295ddd05e5c8506ad0ba513f3fa8f8.jpg,false,
Final Quest II,540020,0,0,https://steamcdn-a.akamaihd.net/steamcommunity/public/images/apps/540020/590734d678148e23e60bf432f218181ef180908e.jpg,false,
FlatOut 2,2990,0,0,https://steamcdn-a.akamaihd.net/steamcommunity/public/images/apps/2990/00e8c539149cfaf690476ef7d55f7c4a26da6b3f.jpg,false,
Flesh Eaters,383580,0,0,https://steamcdn-a.akamaihd.net/steamcommunity/public/images/apps/383580/c2b7dc59d7eae6be45285d8055459dcb7f84686f.jpg,false,
For Honor,304390,0,0,https://steamcdn-a.akamaihd.net/steamcommunity/public/images/apps/304390/7d851b600a101d37c1b2e3e542fe02a3013a3283.jpg,false,
For Honor - Public Test,654310,0,0,https://steamcdn-a.akamaihd.net/steamcommunity/public/images/apps/654310/fd4e6f834821573215fd71803958f2c0bb8411ec.jpg,false,
Fortified,334210,0,0,https://steamcdn-a.akamaihd.net/steamcommunity/public/images/apps/334210/bae2a436ce395c29893c4fc41171062111cc61ad.jpg,false,
Fractured Space,310380,0,0,https://steamcdn-a.akamaihd.net/steamcommunity/public/images/apps/310380/6fb7ce7701d0715e440b723b092afac35fb79024.jpg,false,
Free to Play,245550,0,0,https://steamcdn-a.akamaihd.net/steamcommunity/public/images/apps/245550/98defd2daedb3910583439bffb12e0baeb20ff6c.jpg,false,
Free To Play (Streaming),343450,52,0,https://steamcdn-a.akamaihd.net/steamcommunity/public/images/apps/343450/.jpg,true,
Freebie,487220,0,0,https://steamcdn-a.akamaihd.net/steamcommunity/public/images/apps/487220/298d0e50b8fc1b46e9c33bb3500a4d3fe6bd8749.jpg,false,
Galactic Civilizations I: Ultimate Edition,214150,2,0,https://steamcdn-a.akamaihd.net/steamcommunity/public/images/apps/214150/74f13398ec03396511f578b430fa3a14a669dc5e.jpg,false,
Galactic Civilizations II: Ultimate Edition,202200,50,0,https://steamcdn-a.akamaihd.net/steamcommunity/public/images/apps/202200/ad23e69a2e91b9ad7675c11766b179e24cf8a7e1.jpg,false,
Game Corp DX,399670,25,0,https://steamcdn-a.akamaihd.net/steamcommunity/public/images/apps/399670/e51bc6640fa85fcfc3ef36750aad7d9b8b6ba0e9.jpg,false,
Game Dev Tycoon,239820,526,0,https://steamcdn-a.akamaihd.net/steamcommunity/public/images/apps/239820/9e60329a8cef940323063c8b744ed4d8bc01638c.jpg,false,
GameMaker: Studio,214850,0,0,https://steamcdn-a.akamaihd.net/steamcommunity/public/images/apps/214850/21eb21c148278276851b4fdbfaf6641f780cf390.jpg,false,
Garry's Mod,4000,5,0,https://steamcdn-a.akamaihd.net/steamcommunity/public/images/apps/4000/93c9364c3942223ab66195182fe1982af8a16584.jpg,false,
Gas Guzzlers Extreme,243800,0,0,https://steamcdn-a.akamaihd.net/steamcommunity/public/images/apps/243800/f9fbd99d275a04516c93b4d51ab6726540928518.jpg,false,
Gauntlet™ ,258970,27,0,https://steamcdn-a.akamaihd.net/steamcommunity/public/images/apps/258970/0b9cae9548f1a6dea05ecfb8ef886a6211189128.jpg,false,
Germ Wars,557680,0,0,https://steamcdn-a.akamaihd.net/steamcommunity/public/images/apps/557680/116e358b13eb45d2f22da665b3318789815d7271.jpg,false,
Giana Sisters: Dream Runners,352900,0,0,https://steamcdn-a.akamaihd.net/steamcommunity/public/images/apps/352900/c723f7686249fb5b2357aa7c8766d8d2cb5e780b.jpg,false,
Giana Sisters: Twisted Dreams,223220,61,0,https://steamcdn-a.akamaihd.net/steamcommunity/public/images/apps/223220/9c8baddbab7938b5b995843d36526a30bd12bb1d.jpg,false,
Glorkian Warrior: The Trials Of Glork,341120,3,0,https://steamcdn-a.akamaihd.net/steamcommunity/public/images/apps/341120/675520d52c9c7248c37e96abc405832b15a2b40c.jpg,false,
Grand Theft Auto III,12100,3,0,https://steamcdn-a.akamaihd.net/steamcommunity/public/images/apps/12100/0e73825e3abd7bfe43b55a49bbcb862aee7c2e71.jpg,false,
Grand Theft Auto III,12230,0,0,https://steamcdn-a.akamaihd.net/steamcommunity/public/images/apps/12230/0e73825e3abd7bfe43b55a49bbcb862aee7c2e71.jpg,true,
Grand Theft Auto IV,12210,0,0,https://steamcdn-a.akamaihd.net/steamcommunity/public/images/apps/12210/47fb2a3e0763be24e49662591d6e076c58b2178d.jpg,false,
Grand Theft Auto V,271590,346,0,https://steamcdn-a.akamaihd.net/steamcommunity/public/images/apps/271590/e447e82f8b0c67f9e001498503c62f2a187bc609.jpg,false,
Grand Theft Auto: Episodes from Liberty City,12220,0,0,https://steamcdn-a.akamaihd.net/steamcommunity/public/images/apps/12220/40d1512d5922313878298c3731ffc066091a113a.jpg,false,
Grand Theft Auto: San Andreas,12120,11,0,https://steamcdn-a.akamaihd.net/steamcommunity/public/images/apps/12120/32e2d1d2054295603724f30c81c3cf46dc6392c0.jpg,false,
Grand Theft Auto: San Andreas,12250,0,0,https://steamcdn-a.akamaihd.net/steamcommunity/public/images/apps/12250/32e2d1d2054295603724f30c81c3cf46dc6392c0.jpg,true,
Grand Theft Auto: Vice City,12110,0,0,https://steamcdn-a.akamaihd.net/steamcommunity/public/images/apps/12110/6ba37ecba052f89c72272dd28b2daa89087a7eb3.jpg,false,
Grand Theft Auto: Vice City,12240,0,0,https://steamcdn-a.akamaihd.net/steamcommunity/public/images/apps/12240/6ba37ecba052f89c72272dd28b2daa89087a7eb3.jpg,true,
Grandia II Anniversary Edition,330390,24,0,https://steamcdn-a.akamaihd.net/steamcommunity/public/images/apps/330390/996cb27251fa6edffe7afbe99933566389f105ef.jpg,false,
GRID,12750,0,0,https://steamcdn-a.akamaihd.net/steamcommunity/public/images/apps/12750/4d703d465e6e83f272ff07b3b9636fe52f2e9a19.jpg,false,
GRID Autosport,255220,23,0,https://steamcdn-a.akamaihd.net/steamcommunity/public/images/apps/255220/c8ef54ffd81bf8d34b658bad3009ffbf91197093.jpg,false,
Grim Fandango Remastered,316790,25,0,https://steamcdn-a.akamaihd.net/steamcommunity/public/images/apps/316790/1cd953b329e53555cb1acba0b615edd75ad72ad4.jpg,false,
Grow Home,323320,0,0,https://steamcdn-a.akamaihd.net/steamcommunity/public/images/apps/323320/f4b4226f4715ca8e68c8ed4ddbbe3adb0cc5f8ab.jpg,false,
GTR 2 - FIA GT Racing Game,8790,7,0,https://steamcdn-a.akamaihd.net/steamcommunity/public/images/apps/8790/031f5b080cea2036701cc75098c6a8bb23831f30.jpg,false,
GTR Evolution,8660,1,0,https://steamcdn-a.akamaihd.net/steamcommunity/public/images/apps/8660/bec45b45a4fdc8c517131fa78d9b502539347bd4.jpg,false,
Guardians of Middle-earth,111900,0,0,https://steamcdn-a.akamaihd.net/steamcommunity/public/images/apps/111900/08a7116bebd1bf44bb8e86495358dca14224d223.jpg,false,
Guns of Icarus Alliance,608800,0,0,https://steamcdn-a.akamaihd.net/steamcommunity/public/images/apps/608800/198aadc4cd79c1883e0f813973cfb335337c7f62.jpg,false,
Guns of Icarus Online,209080,0,0,https://steamcdn-a.akamaihd.net/steamcommunity/public/images/apps/209080/925b7c2a6b698144622bed4bd2d0086114df2fa9.jpg,false,
H1Z1,433850,0,0,https://steamcdn-a.akamaihd.net/steamcommunity/public/images/apps/433850/7dfbc2eb2a886dd91bb4fbeb9b6886ce9b0374dc.jpg,false,
H1Z1: Test Server,439700,0,0,https://steamcdn-a.akamaihd.net/steamcommunity/public/images/apps/439700/f77deaee709ef0b7b59f00c67e019804bb5138c7.jpg,false,
Hacknet,365450,24,0,https://steamcdn-a.akamaihd.net/steamcommunity/public/images/apps/365450/50479f0bfe5a552132a0fc2668640b2e6a737398.jpg,false,
Half-Life,70,12,0,https://steamcdn-a.akamaihd.net/steamcommunity/public/images/apps/70/6bd76ff700a8c7a5460fbae3cf60cb930279897d.jpg,false,
Half-Life 2,220,0,0,https://steamcdn-a.akamaihd.net/steamcommunity/public/images/apps/220/e4ad9cf1b7dc8475c1118625daf9abd4bdcbcad0.jpg,false,
Half-Life 2: Deathmatch,320,0,0,https://steamcdn-a.akamaihd.net/steamcommunity/public/images/apps/320/6dd9f66771300f2252d411e50739a1ceae9e5b30.jpg,true,
Half-Life 2: Episode One,380,0,0,https://steamcdn-a.akamaihd.net/steamcommunity/public/images/apps/380/b5a666a961d8b39896887abbed3b78c2b837c238.jpg,true,
Half-Life 2: Episode Two,420,0,0,https://steamcdn-a.akamaihd.net/steamcommunity/public/images/apps/420/553e6a2e7a469dcbaada729baa1f5fd7764668df.jpg,true,
Half-Life 2: Lost Coast,340,0,0,https://steamcdn-a.akamaihd.net/steamcommunity/public/images/apps/340/867cce5c4f37d5ed4aeffb57c60e220ddffe4134.jpg,true,
Half-Life Deathmatch: Source,360,0,0,https://steamcdn-a.akamaihd.net/steamcommunity/public/images/apps/360/9a5b7119d4e8977fffcd370d3c24036be7cee904.jpg,true,
Half-Life: Blue Shift,130,0,0,https://steamcdn-a.akamaihd.net/steamcommunity/public/images/apps/130/927d38e83e3e4ca218a0fc7b32515eeb99aa8ff7.jpg,true,
Half-Life: Opposing Force,50,0,0,https://steamcdn-a.akamaihd.net/steamcommunity/public/images/apps/50/bb696ddfd8f8ef0892d5f2154d8617528d3cc2ec.jpg,true,
Half-Life: Source,280,0,0,https://steamcdn-a.akamaihd.net/steamcommunity/public/images/apps/280/a612dd944b768e55389140298dcfda2165db8ced.jpg,true,
Hard Reset,98400,20,0,https://steamcdn-a.akamaihd.net/steamcommunity/public/images/apps/98400/1788f94f7a69c9ed50a165101e71a6d0d64ad12c.jpg,false,
Heavy Metal Machines,331360,0,0,https://steamcdn-a.akamaihd.net/steamcommunity/public/images/apps/331360/f5f4ce7e9a952bdd1c9dfc6ef2b86e402ec43b70.jpg,false,
Hell Yeah!,205230,0,0,https://steamcdn-a.akamaihd.net/steamcommunity/public/images/apps/205230/bfc378307d9dacbf03abf6c0b6e846654d9d270b.jpg,false,
Hellblade: Senua's Sacrifice,414340,306,0,https://steamcdn-a.akamaihd.net/steamcommunity/public/images/apps/414340/e0e79fb1f259c84092119ef9b823914566ec457f.jpg,false,
Hellblade: Senua's Sacrifice VR Edition,747350,0,0,https://steamcdn-a.akamaihd.net/steamcommunity/public/images/apps/747350/d644a74bacd0ecfedf6b68806c6ad6f6253a17fa.jpg,false,
Her Story,368370,49,0,https://steamcdn-a.akamaihd.net/steamcommunity/public/images/apps/368370/a05fc37b598a1ae5176b2a95a4819bfa0b93c4e5.jpg,false,
Hitman: Absolution,203140,42,0,https://steamcdn-a.akamaihd.net/steamcommunity/public/images/apps/203140/b86fc98f1d9d4339deff8a1cf117cc3c7080ff55.jpg,false,
Hitman: Contracts,247430,0,0,https://steamcdn-a.akamaihd.net/steamcommunity/public/images/apps/247430/4a5352f1cf8471abe600cd289cdf8ef96d13958b.jpg,false,
Hitman: Sniper Challenge,205930,0,0,https://steamcdn-a.akamaihd.net/steamcommunity/public/images/apps/205930/16c46e3680624cb22aa0a2c9d113f6e07f11bcbf.jpg,false,
HITMAN™,236870,0,0,https://steamcdn-a.akamaihd.net/steamcommunity/public/images/apps/236870/f5fd359876446c22c995b1071407c8b4beff99d0.jpg,false,
Holodrive,370770,0,0,https://steamcdn-a.akamaihd.net/steamcommunity/public/images/apps/370770/9727e017ac1f3b08f2b6e263c5793cda9af5bbad.jpg,false,
Home,215670,0,0,https://steamcdn-a.akamaihd.net/steamcommunity/public/images/apps/215670/48a876424ff28b006d21bd6cb62de27a00f04e13.jpg,false,
Home Design 3D,420000,0,0,https://steamcdn-a.akamaihd.net/steamcommunity/public/images/apps/420000/6d17704e938e13ba4a651cc60159b2d890e10fd4.jpg,true,
Homefront,55100,0,0,https://steamcdn-a.akamaihd.net/steamcommunity/public/images/apps/55100/3ed92bed83fc529adf7b0293ce70a73b70ad34ff.jpg,false,
Hotline Miami,219150,12,0,https://steamcdn-a.akamaihd.net/steamcommunity/public/images/apps/219150/540a1457099f072ced7153239861e42f14febd56.jpg,false,
HuniePop,339800,18,0,https://steamcdn-a.akamaihd.net/steamcommunity/public/images/apps/339800/fa365169a56d56aaf72fe5b3fe47335c358c4fb9.jpg,false,
Hyper color ball,515470,0,0,https://steamcdn-a.akamaihd.net/steamcommunity/public/images/apps/515470/b9c2c546ab0b2ec29c349261467f170e1650ac4b.jpg,false,
I Am Alive,214250,65,0,https://steamcdn-a.akamaihd.net/steamcommunity/public/images/apps/214250/26667bbf8e9dfe2ea446b31fb1b7d7c52971ee9b.jpg,false,
Injustice: Gods Among Us Ultimate Edition,242700,0,0,https://steamcdn-a.akamaihd.net/steamcommunity/public/images/apps/242700/405bc57977d5e6fb112765e63fffcb110dbcd751.jpg,false,
INK,385710,0,0,https://steamcdn-a.akamaihd.net/steamcommunity/public/images/apps/385710/97a7fcbb251eb9d6eea3772aeffb26dcc1995c44.jpg,false,
InMind VR,343740,0,0,https://steamcdn-a.akamaihd.net/steamcommunity/public/images/apps/343740/167e3e619d2e2368570dff88d026b707eae47f4f.jpg,false,
inMomentum,110400,0,0,https://steamcdn-a.akamaihd.net/steamcommunity/public/images/apps/110400/ee589e79c3a00b5e0d43b8ab1552cc34b55c0009.jpg,false,
INSIDE,304430,248,0,https://steamcdn-a.akamaihd.net/steamcommunity/public/images/apps/304430/330a1902986716b0ab8947c8571687403bb99d6e.jpg,false,
Insurgency,222880,33,0,https://steamcdn-a.akamaihd.net/steamcommunity/public/images/apps/222880/b620a8286682299e2a1ff272b04fb09d1b4edd38.jpg,false,
Inversion™,212410,35,0,https://steamcdn-a.akamaihd.net/steamcommunity/public/images/apps/212410/b4932e1f26537609398ad27047c6855562c0c8cc.jpg,false,
iRacing,266410,79,0,https://steamcdn-a.akamaihd.net/steamcommunity/public/images/apps/266410/7c3c0f2b64ad34e238a42d0d48c4c5d67da02212.jpg,false,
Jet Racing Extreme,385270,0,0,https://steamcdn-a.akamaihd.net/steamcommunity/public/images/apps/385270/9a4d511a90b9e98ca6c4b9e263b444341dc34424.jpg,false,
Jet Set Radio,205950,0,0,https://steamcdn-a.akamaihd.net/steamcommunity/public/images/apps/205950/3272dfd2e30df5629bfbaa851ea503e9ee28b75a.jpg,false,
Jets'n'Guns Gold,262260,0,0,https://steamcdn-a.akamaihd.net/steamcommunity/public/images/apps/262260/e644820ceed45ae176b28e4de927743f4b61afa8.jpg,false,
Joana's Life,513740,0,0,https://steamcdn-a.akamaihd.net/steamcommunity/public/images/apps/513740/6f2c0d0e5c47856ca2e0453def613500ebdfe9fa.jpg,false,
Jotun: Valhalla Edition,323580,59,0,https://steamcdn-a.akamaihd.net/steamcommunity/public/images/apps/323580/09e4f191cbafba7d3cde386e73abe1e0504146b4.jpg,false,
JumpJet Rex,329460,0,0,https://steamcdn-a.akamaihd.net/steamcommunity/public/images/apps/329460/0fd09418cfc569db21a63f84c6eaf4501f1496b3.jpg,false,
Just Cause,6880,0,0,https://steamcdn-a.akamaihd.net/steamcommunity/public/images/apps/6880/60d726f5e078a6da168414cf45b8619973f6d69c.jpg,false,
Just Cause 2,8190,538,0,https://steamcdn-a.akamaihd.net/steamcommunity/public/images/apps/8190/26c2c027f835e968d78b212b4cc6438f692b027a.jpg,false,
Just Cause 3,225540,18,0,https://steamcdn-a.akamaihd.net/steamcommunity/public/images/apps/225540/afdb9bd71ccd65d3fcfc4735076d50cead701036.jpg,false,
Just Survive,295110,11,0,https://steamcdn-a.akamaihd.net/steamcommunity/public/images/apps/295110/8d70843e7acf946c9f91b7da070b5e7ec80a232a.jpg,false,
Just Survive Test Server,362300,0,0,https://steamcdn-a.akamaihd.net/steamcommunity/public/images/apps/362300/fcd2f610a238dfc6c2292c45ada6bb1edb77e926.jpg,false,
Karate Master 2 Knock Down Blow,347670,30,0,https://steamcdn-a.akamaihd.net/steamcommunity/public/images/apps/347670/b0d35857120be542c4a8e6ab5b6400c701691d15.jpg,false,
Killer is Dead,261110,0,0,https://steamcdn-a.akamaihd.net/steamcommunity/public/images/apps/261110/187ab8f22a578692b0ec5dcbe1c07e30828b566f.jpg,false,
Killing Floor,1250,0,0,https://steamcdn-a.akamaihd.net/steamcommunity/public/images/apps/1250/354c07a75cc16f6bf551b81d27f4eee3436fc2fb.jpg,false,
Killing Floor Mod: Defence Alliance 2,35420,0,0,https://steamcdn-a.akamaihd.net/steamcommunity/public/images/apps/35420/45178d4b1999cf466fdf1ee4551f29b7e02b2bdf.jpg,true,
Kingdom: Classic,368230,5,0,https://steamcdn-a.akamaihd.net/steamcommunity/public/images/apps/368230/b684a91e7bf997a7a1acf121747ba843c7bb66fd.jpg,false,
Kivi, Toilet and Shotgun,428950,0,0,false,
Kung Fury,374570,8,0,https://steamcdn-a.akamaihd.net/steamcommunity/public/images/apps/374570/215b9addb7ce94f5522f745491cabe203ea43afe.jpg,false,
L.A. Noire,110800,0,0,https://steamcdn-a.akamaihd.net/steamcommunity/public/images/apps/110800/4176ba6f679e28225a95447082c38db290bc2557.jpg,false,
Laraan,493710,0,0,https://steamcdn-a.akamaihd.net/steamcommunity/public/images/apps/493710/4b4d6268e52b1584b4739ac2b5d95a9cf68ec076.jpg,false,
Layers of Fear,391720,0,0,https://steamcdn-a.akamaihd.net/steamcommunity/public/images/apps/391720/64c61e0166b1bb2a80c57f76f2ca620f2ba49536.jpg,false,
Layers of Fear - Soundtrack,550210,0,0,https://steamcdn-a.akamaihd.net/steamcommunity/public/images/apps/550210/.jpg,true,
Left 4 Dead 2,550,15,0,https://steamcdn-a.akamaihd.net/steamcommunity/public/images/apps/550/205863cc21e751a576d6fff851984b3170684142.jpg,false,
Legacy of Kain: Defiance,224300,0,0,https://steamcdn-a.akamaihd.net/steamcommunity/public/images/apps/224300/e4680b81b8922e6ec53d85be87c6c538158fce67.jpg,false,
Legacy of Kain: Soul Reaver,224920,0,0,https://steamcdn-a.akamaihd.net/steamcommunity/public/images/apps/224920/b6f5280ce118723a2abc6cff05d902f0cbce22d2.jpg,false,
Legacy of Kain: Soul Reaver 2,224940,22,0,https://steamcdn-a.akamaihd.net/steamcommunity/public/images/apps/224940/acc06bf19ed988180aee974780a4973236a6e284.jpg,false,
Lego Harry Potter,21130,0,0,https://steamcdn-a.akamaihd.net/steamcommunity/public/images/apps/21130/9dfca0698223838d7042fe5e28184e4dae96c996.jpg,false,
LEGO Harry Potter: Years 5-7,204120,421,0,https://steamcdn-a.akamaihd.net/steamcommunity/public/images/apps/204120/9bee107991b34fcd0fe6e4e2f4efeffdf489855d.jpg,false,
LEGO® Batman™ 3: Beyond Gotham,313690,0,0,https://steamcdn-a.akamaihd.net/steamcommunity/public/images/apps/313690/802a54c3e6bf7209cbf8b0b9359966393db16705.jpg,false,
LEGO® MARVEL Super Heroes,249130,1,0,https://steamcdn-a.akamaihd.net/steamcommunity/public/images/apps/249130/8b012ffdf2cb13e6f71cdf3606ce053c888ff3b5.jpg,false,
LEGO® The Hobbit™,285160,0,0,https://steamcdn-a.akamaihd.net/steamcommunity/public/images/apps/285160/4e0add73085939dff818bdc506437560feacfd91.jpg,false,
Lethal League,261180,0,0,https://steamcdn-a.akamaihd.net/steamcommunity/public/images/apps/261180/1d15bb3e7ebf3c8ba369309c34b577bb852f4702.jpg,false,
Life is Strange™,319630,4,0,https://steamcdn-a.akamaihd.net/steamcommunity/public/images/apps/319630/e92d2b3a0c01be3bdd77ec665a3014028efaa105.jpg,false,
LIMBO,48000,4,0,https://steamcdn-a.akamaihd.net/steamcommunity/public/images/apps/48000/9f35c3d64649a5a03b69d6a9218b1f77caf15025.jpg,false,
Little Racers STREET,262690,60,0,https://steamcdn-a.akamaihd.net/steamcommunity/public/images/apps/262690/793d2d1aac3058878b33f97eb1dd013249e6b1c9.jpg,false,
Lone Survivor: The Director's Cut,209830,0,0,https://steamcdn-a.akamaihd.net/steamcommunity/public/images/apps/209830/14171f54fd558e9ae53c19018b9f5d67465bad21.jpg,false,
Lords Of The Fallen,265300,119,0,https://steamcdn-a.akamaihd.net/steamcommunity/public/images/apps/265300/fdfdbc63bd9135077be18a47e8c74f293a9aab85.jpg,false,
Lost Planet 2,45750,0,0,https://steamcdn-a.akamaihd.net/steamcommunity/public/images/apps/45750/c0378cbeecba568eaf1cf7f6ddda89b857f59e07.jpg,false,
Lost Planet 3,226720,48,0,https://steamcdn-a.akamaihd.net/steamcommunity/public/images/apps/226720/a0daa93969db024b78595f3f00ff00bbf0a0ee89.jpg,false,
Lost Planet: Extreme Condition,6510,0,0,https://steamcdn-a.akamaihd.net/steamcommunity/public/images/apps/6510/70bfcbcbd699999936869547454f5c8845a30635.jpg,false,
Lup,412600,0,0,https://steamcdn-a.akamaihd.net/steamcommunity/public/images/apps/412600/8c1cc0f2e535eb4d26322fe2d9c1289ea3bcaeee.jpg,false,
Luxor Evolved,205830,45,0,https://steamcdn-a.akamaihd.net/steamcommunity/public/images/apps/205830/778200d0f565768ea71574484521fb36f81e6bf7.jpg,false,
Mad Max,234140,3258,0,https://steamcdn-a.akamaihd.net/steamcommunity/public/images/apps/234140/f114c3cf063da97aac613bf408b465e50f43a644.jpg,false,
Mafia II,50130,127,0,https://steamcdn-a.akamaihd.net/steamcommunity/public/images/apps/50130/31c60ba32d7ff5b53b5d2a5795b42077279f499a.jpg,false,
Manhunt,12130,8,0,https://steamcdn-a.akamaihd.net/steamcommunity/public/images/apps/12130/f4a4e3c7d0ea9e2fd6e251874ceb1329891a27a9.jpg,false,
Max Payne 3,204100,43,0,https://steamcdn-a.akamaihd.net/steamcommunity/public/images/apps/204100/135cf60686c2bf570999b96d5c29eb31e962293a.jpg,false,
Medal of Honor(TM) Multiplayer,47830,0,0,https://steamcdn-a.akamaihd.net/steamcommunity/public/images/apps/47830/8a925ea4d40df32587ddae98d4e7fc5a6518b0f7.jpg,false,
Medal of Honor(TM) Single Player,47790,0,0,https://steamcdn-a.akamaihd.net/steamcommunity/public/images/apps/47790/8a925ea4d40df32587ddae98d4e7fc5a6518b0f7.jpg,false,
METAL SLUG,366250,0,0,https://steamcdn-a.akamaihd.net/steamcommunity/public/images/apps/366250/28d378e21177c472f48789c72e8c1a4567002bc5.jpg,false,
METAL SLUG 2,366260,0,0,https://steamcdn-a.akamaihd.net/steamcommunity/public/images/apps/366260/cdb1fd917b7f3261c3dfdaa220dcef002abfd5a6.jpg,false,
METAL SLUG 3,250180,7,0,https://steamcdn-a.akamaihd.net/steamcommunity/public/images/apps/250180/2f38a8238712afa7cacdd41031a114b35cf9b9db.jpg,false,
METAL SLUG X,312610,0,0,https://steamcdn-a.akamaihd.net/steamcommunity/public/images/apps/312610/0aefb6b3c12d129be74b9efdcefd46a8f919dba2.jpg,false,
Metro 2033,43110,44,0,https://steamcdn-a.akamaihd.net/steamcommunity/public/images/apps/43110/df9a163ac1f28dfc84c93a6fc0dc51719eaef518.jpg,false,
Microsoft Flight Simulator X: Steam Edition,314160,0,0,https://steamcdn-a.akamaihd.net/steamcommunity/public/images/apps/314160/900f5e38b05ee0b7904d999b407c797dca837bea.jpg,false,
Middle-earth™: Shadow of Mordor™,241930,0,0,https://steamcdn-a.akamaihd.net/steamcommunity/public/images/apps/241930/00631b918ee8799ff48b3d91d9eb0d3278aafa83.jpg,false,
Midnight Carnival,546980,0,0,https://steamcdn-a.akamaihd.net/steamcommunity/public/images/apps/546980/900072c2ef478f01b68a6ae4c3814705b25707ea.jpg,false,
Mighty No. 9,314710,9,0,https://steamcdn-a.akamaihd.net/steamcommunity/public/images/apps/314710/20e9f6588bba840d88c7262c8ba1f0f98aae81e3.jpg,false,
Mini Motor Racing EVO,209520,82,0,https://steamcdn-a.akamaihd.net/steamcommunity/public/images/apps/209520/8c8cb451d34bbcefb499ab94cd895f9ab23b465b.jpg,false,
Mirage: Arcane Warfare,368420,0,0,https://steamcdn-a.akamaihd.net/steamcommunity/public/images/apps/368420/fe99a993ace9c26d8fe7ff317c4ea41ba41f1f43.jpg,false,
Mirror's Edge,17410,0,0,https://steamcdn-a.akamaihd.net/steamcommunity/public/images/apps/17410/8c5a900802fabf20a7922c6a69cec9320c940514.jpg,false,
Monster Puzzle,493700,0,0,https://steamcdn-a.akamaihd.net/steamcommunity/public/images/apps/493700/90a0ba4d3882fb5ce41691089007134d9ad4bb91.jpg,false,
Mortal Kombat Kollection,205350,102,0,https://steamcdn-a.akamaihd.net/steamcommunity/public/images/apps/205350/44281a64a93a583fdd2435036ac794e7dcc7beb8.jpg,false,
Mortal Kombat Komplete Edition,237110,83,0,https://steamcdn-a.akamaihd.net/steamcommunity/public/images/apps/237110/307dc1eacffd54e5a7a02b663cec1c5105059811.jpg,false,
Mortal Kombat X,307780,947,0,https://steamcdn-a.akamaihd.net/steamcommunity/public/images/apps/307780/80dd0a53aa38fb750b23a3f0c1f346dce7dd464c.jpg,false,
Mortal Kombat: Legacy,361700,1,0,https://steamcdn-a.akamaihd.net/steamcommunity/public/images/apps/361700/17872da300375c99d97857143d902e8402aada21.jpg,true,
Mortal Kombat: Legacy II,362280,0,0,https://steamcdn-a.akamaihd.net/steamcommunity/public/images/apps/362280/83c44f20836ca6a432f2360befff590e18de98c2.jpg,true,
Mortal Kombat: Legacy II: Johnny Cage,362230,0,0,https://steamcdn-a.akamaihd.net/steamcommunity/public/images/apps/362230/746651b694ec12a0f9bbedafcbf1e401bb7cfcbf.jpg,true,
Mortal Kombat: Legacy II: Kenshi Encounters Ermac,362210,0,0,https://steamcdn-a.akamaihd.net/steamcommunity/public/images/apps/362210/fb9eeb2d87b167ae725b0444529794ccd5bac099.jpg,true,
Mortal Kombat: Legacy II: Kenshi's Origin,362200,0,0,https://steamcdn-a.akamaihd.net/steamcommunity/public/images/apps/362200/fb9eeb2d87b167ae725b0444529794ccd5bac099.jpg,true,
Mortal Kombat: Legacy II: Kitana and Mileena,362220,0,0,https://steamcdn-a.akamaihd.net/steamcommunity/public/images/apps/362220/fb9eeb2d87b167ae725b0444529794ccd5bac099.jpg,true,
Mortal Kombat: Legacy II: Liu Kang,362260,0,0,https://steamcdn-a.akamaihd.net/steamcommunity/public/images/apps/362260/fb9eeb2d87b167ae725b0444529794ccd5bac099.jpg,true,
Mortal Kombat: Legacy II: Liu Kang and Kung Lao,362270,0,0,https://steamcdn-a.akamaihd.net/steamcommunity/public/images/apps/362270/fb9eeb2d87b167ae725b0444529794ccd5bac099.jpg,true,
Mortal Kombat: Legacy II: Prelude,495470,0,0,https://steamcdn-a.akamaihd.net/steamcommunity/public/images/apps/495470/.jpg,true,
Mortal Kombat: Legacy II: Reunited in Macau,362180,0,0,https://steamcdn-a.akamaihd.net/steamcommunity/public/images/apps/362180/fb9eeb2d87b167ae725b0444529794ccd5bac099.jpg,true,
Mortal Kombat: Legacy II: Scorpion and Sub-Zero (Part 1),362240,0,0,https://steamcdn-a.akamaihd.net/steamcommunity/public/images/apps/362240/fb9eeb2d87b167ae725b0444529794ccd5bac099.jpg,true,
Mortal Kombat: Legacy II: Scorpion and Sub-Zero (Part 2),362250,0,0,https://steamcdn-a.akamaihd.net/steamcommunity/public/images/apps/362250/fb9eeb2d87b167ae725b0444529794ccd5bac099.jpg,true,
Mortal Kombat: Legacy II: The Fall of Liu Kang,362190,0,0,https://steamcdn-a.akamaihd.net/steamcommunity/public/images/apps/362190/fb9eeb2d87b167ae725b0444529794ccd5bac099.jpg,true,
Mortal Kombat: Legacy: Cyrax & Sektor,361780,0,0,https://steamcdn-a.akamaihd.net/steamcommunity/public/images/apps/361780/ff97fc885ae2ae3544a92ece51bb698642692e73.jpg,true,
Mortal Kombat: Legacy: Jax, Sonya and Kano (Part 2),361710,0,0,true,
Mortal Kombat: Legacy: Jax, Sonya and Kano (Part 1),495460,0,0,true,
Mortal Kombat: Legacy: Johnny Cage,361720,0,0,https://steamcdn-a.akamaihd.net/steamcommunity/public/images/apps/361720/ff97fc885ae2ae3544a92ece51bb698642692e73.jpg,true,
Mortal Kombat: Legacy: Kitana & Mileena (Part 1),361730,0,0,https://steamcdn-a.akamaihd.net/steamcommunity/public/images/apps/361730/ff97fc885ae2ae3544a92ece51bb698642692e73.jpg,true,
Mortal Kombat: Legacy: Kitana & Mileena (Part 2),361740,0,0,https://steamcdn-a.akamaihd.net/steamcommunity/public/images/apps/361740/ff97fc885ae2ae3544a92ece51bb698642692e73.jpg,true,
Mortal Kombat: Legacy: Raiden,361750,0,0,https://steamcdn-a.akamaihd.net/steamcommunity/public/images/apps/361750/ff97fc885ae2ae3544a92ece51bb698642692e73.jpg,true,
Mortal Kombat: Legacy: Scorpion and Sub-Zero (Part 1),361760,0,0,https://steamcdn-a.akamaihd.net/steamcommunity/public/images/apps/361760/023231511242332e5a111d7c60071058d165d39a.jpg,true,
Mortal Kombat: Legacy: Scorpion and Sub-Zero (Part 2),361770,0,0,https://steamcdn-a.akamaihd.net/steamcommunity/public/images/apps/361770/ff97fc885ae2ae3544a92ece51bb698642692e73.jpg,true,
Mother Russia Bleeds,361300,123,0,https://steamcdn-a.akamaihd.net/steamcommunity/public/images/apps/361300/b2d35d8e839a79159d2458fec26c94e6a5297de7.jpg,false,
Motorsport Manager,415200,198,0,https://steamcdn-a.akamaihd.net/steamcommunity/public/images/apps/415200/951683f3c69f98617dfd0cfc7abdb1f384dc023f.jpg,false,
MURDERED: SOUL SUSPECT,233290,76,0,https://steamcdn-a.akamaihd.net/steamcommunity/public/images/apps/233290/affa1c1b6d38bfcc2a870ad6c3bd4ceed5641966.jpg,false,
MX vs. ATV Reflex,55140,0,0,https://steamcdn-a.akamaihd.net/steamcommunity/public/images/apps/55140/fb372666bccf7a46a4041b324b0a44078e35827a.jpg,false,
Need for Speed: Hot Pursuit,47870,94,0,https://steamcdn-a.akamaihd.net/steamcommunity/public/images/apps/47870/aab501216db276600a1fd2cc1042b5b1039e6eee.jpg,false,
Neon Chrome,428750,0,0,https://steamcdn-a.akamaihd.net/steamcommunity/public/images/apps/428750/f7fbe2a3f03596d010646ea3458a3abd60cbe8b2.jpg,false,
Neon Hardcorps,454200,0,0,https://steamcdn-a.akamaihd.net/steamcommunity/public/images/apps/454200/805b2c91b19c3175147e7c555c4a60a6d023956a.jpg,false,
New kind of adventure,375510,0,0,https://steamcdn-a.akamaihd.net/steamcommunity/public/images/apps/375510/a11b7232e1d057baaae4ccd993b90710b0f59176.jpg,false,
NiGHTS into Dreams...,219950,0,0,https://steamcdn-a.akamaihd.net/steamcommunity/public/images/apps/219950/7316d46b1ce35a260ddedc6a1f7590a8b98dea92.jpg,false,
Oceanhorn: Monster of Uncharted Seas,339200,1736,0,https://steamcdn-a.akamaihd.net/steamcommunity/public/images/apps/339200/17c0e81e3632959c897d53e576bc46d306bdb46c.jpg,false,
Oddworld: Abe's Oddysee,15700,0,0,https://steamcdn-a.akamaihd.net/steamcommunity/public/images/apps/15700/b36c09cedd607be8661c6ae9dea7966158281c3f.jpg,false,
OlliOlli,274250,72,0,https://steamcdn-a.akamaihd.net/steamcommunity/public/images/apps/274250/0f92a59093a63be92081dcbced7fc4c193981d38.jpg,false,
OlliOlli2: Welcome to Olliwood,365660,163,0,https://steamcdn-a.akamaihd.net/steamcommunity/public/images/apps/365660/4c58c1c9eeed482af8d6cbd51417829b1fde5185.jpg,false,
Oniken,252010,0,0,https://steamcdn-a.akamaihd.net/steamcommunity/public/images/apps/252010/4c9df05bc9067830d3877934408983546cb95ac4.jpg,false,
OR,586620,0,0,https://steamcdn-a.akamaihd.net/steamcommunity/public/images/apps/586620/6023e538ef777c7b9d36b9f4d556f213648eecf4.jpg,false,
Orwell,491950,0,0,https://steamcdn-a.akamaihd.net/steamcommunity/public/images/apps/491950/d831e0d592d695b6c2ab819168696b652973c401.jpg,false,
Outland,305050,0,0,https://steamcdn-a.akamaihd.net/steamcommunity/public/images/apps/305050/26c5b8f3b69f028073168ced552f87e40a9e4b58.jpg,false,
Outlast,238320,0,0,https://steamcdn-a.akamaihd.net/steamcommunity/public/images/apps/238320/7d02a2286fd5d4ce42cfc1ecc78e08c89e542f87.jpg,false,
Overlord,11450,0,0,https://steamcdn-a.akamaihd.net/steamcommunity/public/images/apps/11450/0700d43ef52f5c83b5794a8984ce0ecf34169465.jpg,false,
Overlord II,12810,0,0,https://steamcdn-a.akamaihd.net/steamcommunity/public/images/apps/12810/7107ed1429c4be7637571fdf262f61af6bc7d4a2.jpg,false,
PAC-MAN 256,455400,1165,0,https://steamcdn-a.akamaihd.net/steamcommunity/public/images/apps/455400/19384dd9250b4930da73b2b947458222c04ca43b.jpg,false,
PAC-MAN Championship Edition DX+,236450,15,0,https://steamcdn-a.akamaihd.net/steamcommunity/public/images/apps/236450/099c05a258bbdb9c6ddf327c14fee4a13d0d86df.jpg,false,
Painters Guild,384550,0,0,https://steamcdn-a.akamaihd.net/steamcommunity/public/images/apps/384550/6d560bb76bbaec0541083c170077039100ff13cc.jpg,false,
Papers, Please,239030,6,0,false,
PAYDAY 2,218620,0,0,https://steamcdn-a.akamaihd.net/steamcommunity/public/images/apps/218620/4467a70648f49a6b309b41b81b4531f9a20ed99d.jpg,false,
Pesadelo - Regresso,378930,0,0,https://steamcdn-a.akamaihd.net/steamcommunity/public/images/apps/378930/fe1a18fa0d1c86271b0f8ae22f301b4bdafacb8b.jpg,false,
Phoenix Force,332480,0,0,https://steamcdn-a.akamaihd.net/steamcommunity/public/images/apps/332480/38d66def6866c7d6bf498e9b27352ee48214c04a.jpg,false,
Plants vs. Zombies: Game of the Year,3590,1,0,https://steamcdn-a.akamaihd.net/steamcommunity/public/images/apps/3590/85bfe66e921d89b034a3a253fb648f1a930e034a.jpg,false,
Platformines,264540,12,0,https://steamcdn-a.akamaihd.net/steamcommunity/public/images/apps/264540/6f6e5bf0b6cd8ce38772f5c5803d777bed4a87d0.jpg,false,
Porcunipine,352620,0,0,https://steamcdn-a.akamaihd.net/steamcommunity/public/images/apps/352620/bbe43154795fe0b43cfc2d2b049df16a29b482d3.jpg,false,
Portal,400,0,0,https://steamcdn-a.akamaihd.net/steamcommunity/public/images/apps/400/4184d4c0d915bd3a45210667f7b25361352acd8f.jpg,false,
Portal 2,620,0,0,https://steamcdn-a.akamaihd.net/steamcommunity/public/images/apps/620/d2a1119ddc202fab81d9b87048f495cbd6377502.jpg,false,
Prince of Persia,19980,0,0,https://steamcdn-a.akamaihd.net/steamcommunity/public/images/apps/19980/3730e623f4a2d411ff3cb1ed63a10f9be42a4a22.jpg,false,
Prince of Persia: The Forgotten Sands,33320,0,0,https://steamcdn-a.akamaihd.net/steamcommunity/public/images/apps/33320/bc0f3eaf298768b1d51b53991276293c06a99c11.jpg,false,
Prince of Persia: The Sands of Time,13600,0,0,https://steamcdn-a.akamaihd.net/steamcommunity/public/images/apps/13600/8dc90e429e0e6745e91a8139d51210555ed21166.jpg,false,
Prince of Persia: The Two Thrones,13530,0,0,https://steamcdn-a.akamaihd.net/steamcommunity/public/images/apps/13530/900da1e8bd5721bfac4713f6631d4b1e0262f6a8.jpg,false,
Prince of Persia: Warrior Within,13500,26,0,https://steamcdn-a.akamaihd.net/steamcommunity/public/images/apps/13500/285ec526da377790123f1df713d71f3559711989.jpg,false,
PRO EVOLUTION SOCCER 2018,592580,167,0,https://steamcdn-a.akamaihd.net/steamcommunity/public/images/apps/592580/709424b73a62712b569276fc300b26f19938cf66.jpg,false,
PRO EVOLUTION SOCCER 2019,770240,737,0,https://steamcdn-a.akamaihd.net/steamcommunity/public/images/apps/770240/59027feab0557bdaa8f5383b0ae3c93f2f78976d.jpg,false,
Project CARS,234630,3917,0,https://steamcdn-a.akamaihd.net/steamcommunity/public/images/apps/234630/88acff9eeb54253571aef8c65e8cfc57dddad493.jpg,false,
Project CARS 2,378860,261,0,https://steamcdn-a.akamaihd.net/steamcommunity/public/images/apps/378860/504ee82b93a5d613ac1e64861cfd6b0b1582ec00.jpg,false,
Project Druid - 2D Labyrinth Explorer-,388160,0,0,https://steamcdn-a.akamaihd.net/steamcommunity/public/images/apps/388160/371f7117dc8ff989d9fc4218d3ba10402d44df87.jpg,false,
Psychonauts,3830,13,0,https://steamcdn-a.akamaihd.net/steamcommunity/public/images/apps/3830/b361ab26b2c47d4abd11be0ebd3d6b675512ec1b.jpg,false,
Punch Club,394310,17,0,https://steamcdn-a.akamaihd.net/steamcommunity/public/images/apps/394310/d8d3e4cf43e540ac562977713afdbc0932d65957.jpg,false,
Qasir al-Wasat: International Edition,296030,0,0,https://steamcdn-a.akamaihd.net/steamcommunity/public/images/apps/296030/fb5c0ea7abd27205c710e43cf6550984339521ab.jpg,false,
RACE 07,8600,52,0,https://steamcdn-a.akamaihd.net/steamcommunity/public/images/apps/8600/2b735e9b03a2b5e72ac727a8cac0bc1b95b6027a.jpg,false,
RACE 07 - Formula RaceRoom Add-On,44630,0,0,https://steamcdn-a.akamaihd.net/steamcommunity/public/images/apps/44630/2b03526ffc33573d715a0e7a2f2b339c9fc25a25.jpg,true,
Race The Sun,253030,0,0,https://steamcdn-a.akamaihd.net/steamcommunity/public/images/apps/253030/ff0d04cb05dc03ec4b9a136d6b35b00166c475fc.jpg,false,
RaceRoom Racing Experience ,211500,11711,0,https://steamcdn-a.akamaihd.net/steamcommunity/public/images/apps/211500/5a9c89c56ea9ac16f4ecd45693a9fe532e3225cb.jpg,false,
RAGE,9200,0,0,https://steamcdn-a.akamaihd.net/steamcommunity/public/images/apps/9200/db0e1951e4359d76f32cf65b24ef1fa6a819afc9.jpg,false,
RC Mini Racers,311820,0,0,https://steamcdn-a.akamaihd.net/steamcommunity/public/images/apps/311820/e44ff6363618d7d8507263dc5582935dabfeaa7a.jpg,false,
Realms of Arkania: Blade of Destiny,237550,0,0,https://steamcdn-a.akamaihd.net/steamcommunity/public/images/apps/237550/0fc72ab63322da6eeca599a307666e7cb9c0343f.jpg,false,
Recursion Deluxe,425160,2,0,https://steamcdn-a.akamaihd.net/steamcommunity/public/images/apps/425160/25c43424ead6f003da2e8dd79d1e00f821244af5.jpg,false,
Red Faction: Armageddon,55110,24,0,https://steamcdn-a.akamaihd.net/steamcommunity/public/images/apps/55110/19f894d0e08dff8e284d4facc5968a1025da997d.jpg,false,
Remember Me,228300,223,0,https://steamcdn-a.akamaihd.net/steamcommunity/public/images/apps/228300/9589ec01438852ed7e9dc2581ee63884ad22836a.jpg,false,
Resident Evil / biohazard HD REMASTER,304240,0,0,https://steamcdn-a.akamaihd.net/steamcommunity/public/images/apps/304240/3bb107ed29b854c5c5a5db1da709ca9950830c19.jpg,false,
Resident Evil 0 / biohazard 0 HD REMASTER,339340,41,0,https://steamcdn-a.akamaihd.net/steamcommunity/public/images/apps/339340/1718a3f2dd34e4905d31b122a08e0bfff2daaa17.jpg,false,
resident evil 4 / biohazard 4,254700,0,0,https://steamcdn-a.akamaihd.net/steamcommunity/public/images/apps/254700/532d72710af44f29cc123c5796e95e0382461ee5.jpg,false,
Resident Evil 5 / Biohazard 5,21690,0,0,https://steamcdn-a.akamaihd.net/steamcommunity/public/images/apps/21690/e277ab70fff98bb2300a39bf8e2371a746fe50b1.jpg,false,
Resident Evil 6 / Biohazard 6,221040,103,0,https://steamcdn-a.akamaihd.net/steamcommunity/public/images/apps/221040/2398457399f20b979f0e5d0641262560a72408d5.jpg,false,
RESIDENT EVIL 7 biohazard / BIOHAZARD 7 resident evil,418370,59,0,https://steamcdn-a.akamaihd.net/steamcommunity/public/images/apps/418370/15324b81cc2f6c477c16ddc1f476525dd1afe96e.jpg,false,
Resident Evil Revelations / Biohazard Revelations,222480,0,0,https://steamcdn-a.akamaihd.net/steamcommunity/public/images/apps/222480/cf242207e0e06251f55baf2f89c37ded12c79329.jpg,false,
Resident Evil Revelations 2 / Biohazard Revelations 2,287290,29,0,https://steamcdn-a.akamaihd.net/steamcommunity/public/images/apps/287290/dbd99a34dde062952221c88b3a649ea9c18038a2.jpg,false,
Resident Evil: Operation Raccoon City,209100,26,0,https://steamcdn-a.akamaihd.net/steamcommunity/public/images/apps/209100/497ca9a7658832aba8cbfe47566286466baf3e0c.jpg,false,
Revolution Ace,274560,0,0,https://steamcdn-a.akamaihd.net/steamcommunity/public/images/apps/274560/ad811e6fc6780891daca4a13f53bd01c1cacc947.jpg,false,
rFactor,339790,17,0,https://steamcdn-a.akamaihd.net/steamcommunity/public/images/apps/339790/76657359ba76832fcd09d170c9b4faefd2c30fa3.jpg,false,
rFactor 2,365960,169,0,https://steamcdn-a.akamaihd.net/steamcommunity/public/images/apps/365960/e234b9d85f84dfbbbc9c7103206196a42b004a9f.jpg,false,
RIDE: Game,345660,33,0,https://steamcdn-a.akamaihd.net/steamcommunity/public/images/apps/345660/045de64a9df5365024c095151e1ae8388fcb8777.jpg,false,
Ridge Racer Unbounded,202310,0,0,https://steamcdn-a.akamaihd.net/steamcommunity/public/images/apps/202310/559703d4c20e19cc9bf03be521debcc3d9b5c925.jpg,false,
Riptide GP2,257790,24,0,https://steamcdn-a.akamaihd.net/steamcommunity/public/images/apps/257790/b38f0403272e7c14cbfd3beb46c6f2d62ba178da.jpg,false,
Rising Storm/Red Orchestra 2 Multiplayer,35450,0,0,https://steamcdn-a.akamaihd.net/steamcommunity/public/images/apps/35450/02d367780a6dcdba708bb8b94fbc42f23ba99a5b.jpg,false,
RIVE,278100,8,0,https://steamcdn-a.akamaihd.net/steamcommunity/public/images/apps/278100/70d80ee4d70de76e3550e472ec76685902e4e8b3.jpg,false,
Road Redemption,300380,18,0,https://steamcdn-a.akamaihd.net/steamcommunity/public/images/apps/300380/be9be5d2589f1255a9ab4ec152602f2b414a46ae.jpg,false,
Rocket Knight,19030,31,0,https://steamcdn-a.akamaihd.net/steamcommunity/public/images/apps/19030/398e22028a6936ee3d8dcf8d0ed9a3e0c9b2825c.jpg,false,
Rocksmith,205190,260,0,https://steamcdn-a.akamaihd.net/steamcommunity/public/images/apps/205190/5e85d47e16fec552af8019b20e9783e28a9a598a.jpg,false,
Rocksmith 2014 Edition - Remastered,221680,263,0,https://steamcdn-a.akamaihd.net/steamcommunity/public/images/apps/221680/f7d201a1638d020101fade6d8d51cf09c33b3b1c.jpg,false,
Rogue Stormers,299480,0,0,https://steamcdn-a.akamaihd.net/steamcommunity/public/images/apps/299480/9cdcd1644b6ae2434258906f436ff1d8176b1013.jpg,false,
Rune Classic,210950,0,0,https://steamcdn-a.akamaihd.net/steamcommunity/public/images/apps/210950/fa1f9a8467774a6061ff42c802a534c19c6b33e4.jpg,false,
RUSH,38720,3,0,https://steamcdn-a.akamaihd.net/steamcommunity/public/images/apps/38720/b1359d9a1d37199493dee056a854ff70735924de.jpg,false,
Ryse: Son of Rome,302510,0,0,https://steamcdn-a.akamaihd.net/steamcommunity/public/images/apps/302510/70e45a9429e0e188817b813147a417bb82dc3bf0.jpg,false,
S.T.A.L.K.E.R.: Clear Sky,20510,0,0,https://steamcdn-a.akamaihd.net/steamcommunity/public/images/apps/20510/1450b83aacc40e5a206e0c39d17b0110e376ddb8.jpg,false,
Saints Row 2,9480,0,0,https://steamcdn-a.akamaihd.net/steamcommunity/public/images/apps/9480/2b9558ad2e909957d66b4d8aa5e8b51eda951f69.jpg,false,
Saints Row IV,206420,168,0,https://steamcdn-a.akamaihd.net/steamcommunity/public/images/apps/206420/6f7e659c6b58971ebf9710b7f0048c20c68aadd7.jpg,false,
Saints Row: The Third,55230,116,0,https://steamcdn-a.akamaihd.net/steamcommunity/public/images/apps/55230/1129528455a8b297fb6404cbb90e802a62881b11.jpg,false,
Sanctum 2,210770,0,0,https://steamcdn-a.akamaihd.net/steamcommunity/public/images/apps/210770/333a8c65480bb85148bb3a185843a8520ae5d90f.jpg,false,
Satellite Reign,268870,0,0,https://steamcdn-a.akamaihd.net/steamcommunity/public/images/apps/268870/ab0b0cb4aa329c420417988cc0a23f1e4663f820.jpg,false,
Saviors,314450,0,0,https://steamcdn-a.akamaihd.net/steamcommunity/public/images/apps/314450/bbebffbb1555241c787d8b168d7266319c4a0f8c.jpg,false,
Scribblenauts Unlimited,218680,0,0,https://steamcdn-a.akamaihd.net/steamcommunity/public/images/apps/218680/c3f8420cd87dd772df8a35013e3538e964ecc2b8.jpg,false,
SEGA Bass Fishing,71240,0,0,https://steamcdn-a.akamaihd.net/steamcommunity/public/images/apps/71240/6255f428036c011b325b40ebf1c53daa4db7e1f1.jpg,false,
SEGA Mega Drive & Genesis Classics,34270,22,0,https://steamcdn-a.akamaihd.net/steamcommunity/public/images/apps/34270/63f7807a9c6acbb8a9359d11f4ec689a1c7a2841.jpg,false,
Shadow Complex Remastered,385560,3,0,https://steamcdn-a.akamaihd.net/steamcommunity/public/images/apps/385560/4a58ff2435a60d39fa0df80a7a245429519df285.jpg,false,
Shadow Warrior,233130,14,0,https://steamcdn-a.akamaihd.net/steamcommunity/public/images/apps/233130/30d29d6ec47f0b586349106f8265e69ee091ce95.jpg,false,
Shadowrun Returns,234650,4,0,https://steamcdn-a.akamaihd.net/steamcommunity/public/images/apps/234650/d2ada23f204adf831dc89be7c6edbbbc38c99ef6.jpg,false,
Shantae: Risky's Revenge - Director's Cut,277890,31,0,https://steamcdn-a.akamaihd.net/steamcommunity/public/images/apps/277890/f4e1636363b77c9b1237318db69ed63119e16fb5.jpg,false,
ShapeShifter,497050,0,0,https://steamcdn-a.akamaihd.net/steamcommunity/public/images/apps/497050/49b1ab5ebf1a4718583a4fa9a6893e71c1e13fc3.jpg,false,
ShareX,400040,1,0,https://steamcdn-a.akamaihd.net/steamcommunity/public/images/apps/400040/091a990115a8b56da4930edd5e6e8cc9e252fc28.jpg,false,
Shiny,496390,15,0,https://steamcdn-a.akamaihd.net/steamcommunity/public/images/apps/496390/f5ffb6de21f831dddc3d187c83dc49f8935ed779.jpg,false,
SHOCK TROOPERS,366270,0,0,https://steamcdn-a.akamaihd.net/steamcommunity/public/images/apps/366270/b531a38332a0025581040661cb9a777b767eeefd.jpg,false,
SHOCK TROOPERS 2nd Squad,465870,0,0,https://steamcdn-a.akamaihd.net/steamcommunity/public/images/apps/465870/20979df44dde9e811dcbec8a134fdac4ff2543ec.jpg,false,
SHOGUN: Total War™ - Gold Edition,345240,0,0,https://steamcdn-a.akamaihd.net/steamcommunity/public/images/apps/345240/d40d3f6da5c9c46e8b71f6c3843559e735d786ca.jpg,false,
Shoot 1UP,373610,8,0,https://steamcdn-a.akamaihd.net/steamcommunity/public/images/apps/373610/0649b3999a07ca731a2c3f15c43abf268fa8f78c.jpg,false,
Shoppe Keep,381120,0,0,https://steamcdn-a.akamaihd.net/steamcommunity/public/images/apps/381120/beceee321db77dabbfdceb0da52decbeb8489590.jpg,false,
Sid Meier's Civilization III: Complete,3910,25,0,https://steamcdn-a.akamaihd.net/steamcommunity/public/images/apps/3910/35361ed1c0f896ef34f0a42563b5d2dfb9e634a5.jpg,false,
Sid Meier's Civilization IV,3900,37,0,https://steamcdn-a.akamaihd.net/steamcommunity/public/images/apps/3900/e70f5d6e71dd9e3541163d6324ceb7c283345f03.jpg,true,
Sid Meier's Civilization IV,34440,0,0,https://steamcdn-a.akamaihd.net/steamcommunity/public/images/apps/34440/e70f5d6e71dd9e3541163d6324ceb7c283345f03.jpg,false,
Sid Meier's Civilization IV: Beyond the Sword,8800,0,0,https://steamcdn-a.akamaihd.net/steamcommunity/public/images/apps/8800/2501d317192e43c944f36a06c8dd61c598adad76.jpg,true,
Sid Meier's Civilization IV: Beyond the Sword,34460,0,0,https://steamcdn-a.akamaihd.net/steamcommunity/public/images/apps/34460/2501d317192e43c944f36a06c8dd61c598adad76.jpg,true,
Sid Meier's Civilization IV: Colonization,16810,0,0,https://steamcdn-a.akamaihd.net/steamcommunity/public/images/apps/16810/a9b8731923044504abc882ca76b67952579f01ad.jpg,true,
Sid Meier's Civilization IV: Warlords,3990,0,0,https://steamcdn-a.akamaihd.net/steamcommunity/public/images/apps/3990/6a67a0c8044600b43ee0ebb9e2bced39ebe9f9de.jpg,true,
Sid Meier's Civilization IV: Warlords,34450,0,0,https://steamcdn-a.akamaihd.net/steamcommunity/public/images/apps/34450/6a67a0c8044600b43ee0ebb9e2bced39ebe9f9de.jpg,true,
Sid Meier's Civilization V,8930,951,0,https://steamcdn-a.akamaihd.net/steamcommunity/public/images/apps/8930/2203f62bd1bdc75c286c13534e50f22e3bd5bb58.jpg,false,
Sid Meier's Civilization VI,289070,797,24,https://steamcdn-a.akamaihd.net/steamcommunity/public/images/apps/289070/356443a094f8e20ce21293039d7226eac3d3b4d9.jpg,false,
SimCity 4 Deluxe,24780,3,0,https://steamcdn-a.akamaihd.net/steamcommunity/public/images/apps/24780/0a0717ab709f27aea9c0c6c66846580960d41082.jpg,false,
Sine Mora,207040,65,0,https://steamcdn-a.akamaihd.net/steamcommunity/public/images/apps/207040/9597a3cf6d45182a3686102c7bdad7897207ea9c.jpg,false,
Sine Mora EX,606730,0,0,https://steamcdn-a.akamaihd.net/steamcommunity/public/images/apps/606730/9597a3cf6d45182a3686102c7bdad7897207ea9c.jpg,false,
Singularity,42670,33,0,https://steamcdn-a.akamaihd.net/steamcommunity/public/images/apps/42670/5e3b58cab477cb070f5e7efd6ca7129744954b09.jpg,false,
Sins of a Solar Empire: Rebellion,204880,0,0,https://steamcdn-a.akamaihd.net/steamcommunity/public/images/apps/204880/cf3a1034cce00de47f88675627c620d841572206.jpg,false,
Sky Force Anniversary,355050,1314,0,https://steamcdn-a.akamaihd.net/steamcommunity/public/images/apps/355050/7db0f44d6a50939f671426493fcf25de38af7a80.jpg,false,
Sleeping Dogs,202170,210,0,https://steamcdn-a.akamaihd.net/steamcommunity/public/images/apps/202170/5be5f629e44cc13b7a845deacf81c93f92678e55.jpg,false,
Sniper Elite,3700,3,0,https://steamcdn-a.akamaihd.net/steamcommunity/public/images/apps/3700/52b1168bf4ac1c88a2ee2296008b3e1724912d9b.jpg,false,
Sniper Elite 3,238090,0,0,https://steamcdn-a.akamaihd.net/steamcommunity/public/images/apps/238090/bd0bbf10de9f7ca196ca598ae11218e36ed2025c.jpg,false,
Sniper Elite V2,63380,20,0,https://steamcdn-a.akamaihd.net/steamcommunity/public/images/apps/63380/382d7f4a6eff4896ff4d137f0906735c99bd0300.jpg,false,
Sniper Ghost Warrior 2,34870,33,0,https://steamcdn-a.akamaihd.net/steamcommunity/public/images/apps/34870/81fe75c61d1a1537305a7d7ee35943f095f5ce91.jpg,false,
Solstice,317280,0,0,https://steamcdn-a.akamaihd.net/steamcommunity/public/images/apps/317280/23120439273c08afb7138844ad96b0ebd8a1f7f5.jpg,false,
Sonic & All-Stars Racing Transformed Collection,212480,72,0,https://steamcdn-a.akamaihd.net/steamcommunity/public/images/apps/212480/351603b89e1863831c84aacab7bf3a315f03443b.jpg,false,
Sonic Adventure 2 ,213610,11,0,https://steamcdn-a.akamaihd.net/steamcommunity/public/images/apps/213610/b59ee5bd744212a79db6fd8f71aec6729671da2b.jpg,false,
Sonic Adventure DX,71250,42,0,https://steamcdn-a.akamaihd.net/steamcommunity/public/images/apps/71250/e8374c63e76724af4648cdea5331f4ae39af4d06.jpg,false,
Sonic and All-Stars Racing Transformed Metal Sonic DLC Pack,229660,0,0,https://steamcdn-a.akamaihd.net/steamcommunity/public/images/apps/229660/.jpg,true,
Sonic CD,200940,0,0,https://steamcdn-a.akamaihd.net/steamcommunity/public/images/apps/200940/07f30507b25a239911bd4cf8dd8667dd294fd5b9.jpg,false,
Sonic Mania,584400,142,0,https://steamcdn-a.akamaihd.net/steamcommunity/public/images/apps/584400/d06c1f1e724dd87efe17679cd9cf28ded516a888.jpg,false,
Space Channel 5: Part 2,71260,0,0,https://steamcdn-a.akamaihd.net/steamcommunity/public/images/apps/71260/fad43b313c2f6869c42bf0d7c4959363c5394d9a.jpg,false,
Spec Ops: The Line,50300,0,0,https://steamcdn-a.akamaihd.net/steamcommunity/public/images/apps/50300/e449c7dc5a9861cf94476de1b394640f3866ddda.jpg,false,
Spikit,509110,0,0,https://steamcdn-a.akamaihd.net/steamcommunity/public/images/apps/509110/6de1629d88fcbe4fdca98b6f4564218294527246.jpg,false,
Spiral Knights,99900,0,0,https://steamcdn-a.akamaihd.net/steamcommunity/public/images/apps/99900/eef62584a3d0c3338f569b14a7e667758ad2b098.jpg,false,
Star Chronicles: Delta Quadrant,383330,0,0,https://steamcdn-a.akamaihd.net/steamcommunity/public/images/apps/383330/1b18724a51b2d92e756a8cfe2d3897a82473e16b.jpg,false,
Star Drifter,485330,0,0,https://steamcdn-a.akamaihd.net/steamcommunity/public/images/apps/485330/8f652793fd1a4150586d5e0e45cbabaa2ab4f297.jpg,false,
Star Fields,499420,0,0,https://steamcdn-a.akamaihd.net/steamcommunity/public/images/apps/499420/fdc92ab155b19c27b75b82bf525e603eb7169a56.jpg,false,
Star Trek,203250,0,0,https://steamcdn-a.akamaihd.net/steamcommunity/public/images/apps/203250/fb78be16107d75645264e7dfabeb371812e3ce24.jpg,false,
STAR WARS Knights of the Old Republic II: The Sith Lords,208580,0,0,https://steamcdn-a.akamaihd.net/steamcommunity/public/images/apps/208580/8ea9e31137c047943fef4979ca36ee3ab562b1da.jpg,false,
Starpoint Gemini 2,236150,0,0,https://steamcdn-a.akamaihd.net/steamcommunity/public/images/apps/236150/f0784ef208b1dff508b84ead3fc6d21919d28cd9.jpg,false,
Stellar 2D,391070,0,0,https://steamcdn-a.akamaihd.net/steamcommunity/public/images/apps/391070/6a229e6f515d1b71bd118d12fdba498f55addda5.jpg,false,
Stock Car Extreme,273840,357,0,https://steamcdn-a.akamaihd.net/steamcommunity/public/images/apps/273840/455dcebd8073d381f64ac6eed3404bc7ce69d467.jpg,false,
Stone Age Wars,521230,0,0,https://steamcdn-a.akamaihd.net/steamcommunity/public/images/apps/521230/9eed75c103be2947f2f23ecabc411f1dc5dd9cd0.jpg,false,
Stop Online - Battle of Words,406310,1,0,https://steamcdn-a.akamaihd.net/steamcommunity/public/images/apps/406310/09202e1caf67e3e45127d63a0ded2d7c4f7b7196.jpg,false,
Stories: The Path of Destinies,439190,15,0,https://steamcdn-a.akamaihd.net/steamcommunity/public/images/apps/439190/3b40ad5b4d5b3797bb3e4b7c5cf12f5b6de55cfc.jpg,false,
Streamline,252850,0,0,https://steamcdn-a.akamaihd.net/steamcommunity/public/images/apps/252850/cc37b0e18b2a3f53cd0b38987eb6dd5fbcfb303d.jpg,false,
Street Fighter V,310950,257,0,https://steamcdn-a.akamaihd.net/steamcommunity/public/images/apps/310950/dc8c23570a919e8f2ac14b87d21b169bf740b12d.jpg,false,
Street Fighter V Beta,386800,0,0,https://steamcdn-a.akamaihd.net/steamcommunity/public/images/apps/386800/ffdf770693451d668f818d1c4157de0bd6189355.jpg,false,
Strider,235210,0,0,https://steamcdn-a.akamaihd.net/steamcommunity/public/images/apps/235210/dd5f5ed41ebc12d5c0b20ce8073dfd163bf83c90.jpg,false,
Strike Vector,246700,0,0,https://steamcdn-a.akamaihd.net/steamcommunity/public/images/apps/246700/a872d242629521f10c041275b5f79927e9d01948.jpg,false,
StuntMANIA Reloaded,324750,0,0,https://steamcdn-a.akamaihd.net/steamcommunity/public/images/apps/324750/a78648196fdc8cbe600663112334d225b1b7e3cf.jpg,false,
Super Button Soccer,425300,38,0,https://steamcdn-a.akamaihd.net/steamcommunity/public/images/apps/425300/506f7cc11ef8f6e8bd1c53679e3b076c739477f0.jpg,false,
Super Indie Karts,323670,25,0,https://steamcdn-a.akamaihd.net/steamcommunity/public/images/apps/323670/7022483b2d3a0e16531a110f7d8bfec84da78901.jpg,false,
Super Meat Boy,40800,54,0,https://steamcdn-a.akamaihd.net/steamcommunity/public/images/apps/40800/70f084857297d5fdd96d019db3a990d6d9ec64f1.jpg,false,
Super Mega Neo Pug,469730,0,0,https://steamcdn-a.akamaihd.net/steamcommunity/public/images/apps/469730/2b484da487f914f70472f044d847bd87b6f631f3.jpg,false,
Super Mustache,438180,0,0,https://steamcdn-a.akamaihd.net/steamcommunity/public/images/apps/438180/082067bba4b3cde692133b708271ce5c5908deba.jpg,false,
Super Space Pug,466840,0,0,https://steamcdn-a.akamaihd.net/steamcommunity/public/images/apps/466840/5d6fda7b2fe530165a63e90f2af891abf356ea24.jpg,false,
Super Toy Cars,116100,0,0,https://steamcdn-a.akamaihd.net/steamcommunity/public/images/apps/116100/05670dbb3b942f848b6c2618e393b6016958130b.jpg,false,
Superbrothers: Sword & Sworcery EP,204060,0,0,https://steamcdn-a.akamaihd.net/steamcommunity/public/images/apps/204060/b522ef5ae83648bef02bd3303801aed881d17761.jpg,false,
Surgeon Simulator,233720,18,0,https://steamcdn-a.akamaihd.net/steamcommunity/public/images/apps/233720/2a0d51aa92d2bf2e168e090f9b72bf60d78fa53e.jpg,false,
Syder Arcade,252310,7,0,https://steamcdn-a.akamaihd.net/steamcommunity/public/images/apps/252310/afe7c5bf5ba84c8a95f19e41e925a71660ecd5d0.jpg,false,
Team Fortress Classic,20,0,0,https://steamcdn-a.akamaihd.net/steamcommunity/public/images/apps/20/515bc393c861d91b9165f0697040c015f50bcb5e.jpg,false,
Terra Incognita ~ Chapter One: The Descendant,347560,0,0,https://steamcdn-a.akamaihd.net/steamcommunity/public/images/apps/347560/c3e54b8ab48e8f1ecd4d567cd02a457ebd2954bc.jpg,false,
Terraria,105600,9,0,https://steamcdn-a.akamaihd.net/steamcommunity/public/images/apps/105600/783399da7d865b7b5b1560891b1e9463345e8fa9.jpg,false,
Test Drive Unlimited 2,9930,65,0,https://steamcdn-a.akamaihd.net/steamcommunity/public/images/apps/9930/ad48d83c6d7ad29084b8fcf556b11d240513fc95.jpg,false,
The Amazing Spider-Man,212580,50,0,https://steamcdn-a.akamaihd.net/steamcommunity/public/images/apps/212580/785782c9a30949051329a5afc1fd5284e73320a1.jpg,false,
The Art of Playing,349210,1,0,https://steamcdn-a.akamaihd.net/steamcommunity/public/images/apps/349210/.jpg,true,
The Binding of Isaac,113200,5,0,https://steamcdn-a.akamaihd.net/steamcommunity/public/images/apps/113200/d9a7ee7e07dffed1700cb8b3b9482105b88cc5b5.jpg,false,
The Bureau: XCOM Declassified,65930,0,0,https://steamcdn-a.akamaihd.net/steamcommunity/public/images/apps/65930/52da3125ac55d5d1406c610f7e8c78755f0752ff.jpg,false,
The Cave,221810,5,0,https://steamcdn-a.akamaihd.net/steamcommunity/public/images/apps/221810/acc11ba3303f4c706adccc75a1ee4fe28dc52727.jpg,false,
The Darkness II,67370,60,0,https://steamcdn-a.akamaihd.net/steamcommunity/public/images/apps/67370/349189b0ac9570679227cb1bd2c742bec12bf97a.jpg,false,
The Descendant,351940,0,0,https://steamcdn-a.akamaihd.net/steamcommunity/public/images/apps/351940/87e74ec38b526ab01d771fec4aa0526b898b0b74.jpg,false,
The Elder Scrolls IV: Oblivion ,22330,7,0,https://steamcdn-a.akamaihd.net/steamcommunity/public/images/apps/22330/531dd052b9816ce1484a2c4b46a4f271963c527f.jpg,false,
The Elder Scrolls Online,306130,308,0,https://steamcdn-a.akamaihd.net/steamcommunity/public/images/apps/306130/dfc07b4975bc0310f260cc26fda081062b4bf661.jpg,false,
The Elder Scrolls V: Skyrim,72850,163,0,https://steamcdn-a.akamaihd.net/steamcommunity/public/images/apps/72850/c5af3cde13610fca25cd17634a96d72487d21e74.jpg,false,
The Expendabros,312990,0,0,https://steamcdn-a.akamaihd.net/steamcommunity/public/images/apps/312990/2f79038df0cb083412a603adcf933a082698a1b7.jpg,false,
The Flame in the Flood,318600,0,0,https://steamcdn-a.akamaihd.net/steamcommunity/public/images/apps/318600/f4b4f192dfbfb2a3cba25e179710436950699531.jpg,false,
THE KING OF FIGHTERS 2002 UNLIMITED MATCH,222440,0,0,https://steamcdn-a.akamaihd.net/steamcommunity/public/images/apps/222440/787a8b76a5c9348784f50798403b2672e488c557.jpg,false,
THE KING OF FIGHTERS '98 ULTIMATE MATCH FINAL EDITION,222420,0,0,https://steamcdn-a.akamaihd.net/steamcommunity/public/images/apps/222420/4c865e50d1d33045f4b0bb2b57dbcbf7b74408be.jpg,false,
The Land of Dasthir,545700,0,0,https://steamcdn-a.akamaihd.net/steamcommunity/public/images/apps/545700/ed132da1a74ba08eeab36ab5e540c2f509b5b852.jpg,false,
THE LAST BLADE,465840,0,0,https://steamcdn-a.akamaihd.net/steamcommunity/public/images/apps/465840/e1c6c40eb03bf30b7f2cb378cd94a4335b039c3a.jpg,false,
The Last Remnant,23310,89,0,https://steamcdn-a.akamaihd.net/steamcommunity/public/images/apps/23310/8f1ba5318378e32bdd7489178e825bf581c0c207.jpg,false,
The LEGO Movie - Videogame,267530,0,0,https://steamcdn-a.akamaihd.net/steamcommunity/public/images/apps/267530/4a57c3cd0e5b4c9a3c6fef681bc80a2486bec780.jpg,false,
The Lord of the Rings: War in the North,32800,15,0,https://steamcdn-a.akamaihd.net/steamcommunity/public/images/apps/32800/b90d899806ebaff87ed7d2cdc4d9e0a3f11b73b0.jpg,false,
The Mean Greens - Plastic Warfare,360940,0,0,https://steamcdn-a.akamaihd.net/steamcommunity/public/images/apps/360940/29fdfda82f173e75104b006f315ca3d54a80bea7.jpg,false,
The Red Solstice,265590,0,0,https://steamcdn-a.akamaihd.net/steamcommunity/public/images/apps/265590/4ee27b5b596b0be43ef61c04017bd372081d7033.jpg,false,
The Showdown Effect,204080,8,0,https://steamcdn-a.akamaihd.net/steamcommunity/public/images/apps/204080/5d74e29afa47d87ad8ab40c8e491135e984ff938.jpg,false,
The Stanley Parable,221910,0,0,https://steamcdn-a.akamaihd.net/steamcommunity/public/images/apps/221910/80de64fedc906c4d81123e7ddc1d61d39183ab2d.jpg,false,
The Surge,378540,0,0,https://steamcdn-a.akamaihd.net/steamcommunity/public/images/apps/378540/a0b1411d212a56437354409176090f71b2dfdd68.jpg,false,
The Swapper,231160,4,0,https://steamcdn-a.akamaihd.net/steamcommunity/public/images/apps/231160/11e08b7b00d8a24a1f83dec3e7c2ca08e98be78a.jpg,false,
The Talos Principle,257510,0,0,https://steamcdn-a.akamaihd.net/steamcommunity/public/images/apps/257510/0392d2bd5d1bec31f2fd283bc4555fdc22dd44a9.jpg,false,
The Tiny Bang Story,96000,0,0,https://steamcdn-a.akamaihd.net/steamcommunity/public/images/apps/96000/c60488f764e2b91f3a53ac12a123a527a63dca2a.jpg,false,
The Tower Of Elements,377310,0,0,https://steamcdn-a.akamaihd.net/steamcommunity/public/images/apps/377310/eb0606e55477afa0a6533c41cafef8af8363d4fc.jpg,false,
The Vanishing of Ethan Carter,258520,127,0,https://steamcdn-a.akamaihd.net/steamcommunity/public/images/apps/258520/bdcdde76010c917f2c63f99c093aaac86583e0ad.jpg,false,
The Vanishing of Ethan Carter Redux,400430,0,0,https://steamcdn-a.akamaihd.net/steamcommunity/public/images/apps/400430/1d5dcfed693a2b01a9fcdddff3c9bff9ccaaf4d9.jpg,false,
The Witcher 2: Assassins of Kings Enhanced Edition,20920,102,0,https://steamcdn-a.akamaihd.net/steamcommunity/public/images/apps/20920/f0274a91931ed39f7c69dca9f907ceae6450785c.jpg,false,
The Witcher 3: Wild Hunt,292030,5672,0,https://steamcdn-a.akamaihd.net/steamcommunity/public/images/apps/292030/2f22c2e5528b78662988dfcb0fc9aad372f01686.jpg,false,
The Witcher: Enhanced Edition,20900,13,0,https://steamcdn-a.akamaihd.net/steamcommunity/public/images/apps/20900/d37dedbc4104d1683385d022314d1316399b3dce.jpg,false,
This War of Mine,282070,8,0,https://steamcdn-a.akamaihd.net/steamcommunity/public/images/apps/282070/4d2ecaa400d7937fdfae6642b73ad5695c393bf7.jpg,false,
TimeShift,10130,24,0,https://steamcdn-a.akamaihd.net/steamcommunity/public/images/apps/10130/d93eaaf95d320ea3ed1ae16a975a0da24f4b538c.jpg,false,
Tinboy,399430,0,0,https://steamcdn-a.akamaihd.net/steamcommunity/public/images/apps/399430/fb13237e868066eceff1e8e0ed0da04aa79f681f.jpg,false,
TIS-100,370360,0,0,https://steamcdn-a.akamaihd.net/steamcommunity/public/images/apps/370360/5cafbe7be54aaf54999915159839949a5841d591.jpg,false,
Titan Quest,4540,0,0,https://steamcdn-a.akamaihd.net/steamcommunity/public/images/apps/4540/e82186f6efe8d5d593c2fb1b57f8b1e056e6d82e.jpg,false,
Titan Quest Anniversary Edition,475150,11,0,https://steamcdn-a.akamaihd.net/steamcommunity/public/images/apps/475150/0d487100eb46ae08f9be7a8e2e09486511819bdd.jpg,false,
Toki Tori,38700,3,0,https://steamcdn-a.akamaihd.net/steamcommunity/public/images/apps/38700/7840e49fc48b78295983973d0d2158d020fa5f75.jpg,false,
Toki Tori 2+,201420,0,0,https://steamcdn-a.akamaihd.net/steamcommunity/public/images/apps/201420/e8ed55e30253308dce96561ddec29b237037934c.jpg,false,
Toki Tori 2+ Level Editor,237530,0,0,https://steamcdn-a.akamaihd.net/steamcommunity/public/images/apps/237530/.jpg,true,
Tom Clancy's Splinter Cell Blacklist,235600,23,0,https://steamcdn-a.akamaihd.net/steamcommunity/public/images/apps/235600/4f8c6c8ece7e758498b48ff504d6bd60809ca7f1.jpg,false,
Tom Clancy's The Division,365590,257,0,https://steamcdn-a.akamaihd.net/steamcommunity/public/images/apps/365590/1fcb383a3dc433690068a7d49373f81a4bbe5ade.jpg,false,
Tom Clancy's The Division PTS,524440,0,0,https://steamcdn-a.akamaihd.net/steamcommunity/public/images/apps/524440/e82e56c842f3628dfe29cffc7a3b38a6129bee0e.jpg,false,
Toren,320820,86,0,https://steamcdn-a.akamaihd.net/steamcommunity/public/images/apps/320820/7650aa50d89e35546f157978d545600eb475511b.jpg,false,
Total War: MEDIEVAL II - Definitive Edition,4700,0,0,https://steamcdn-a.akamaihd.net/steamcommunity/public/images/apps/4700/fcd1abd6380998e473b92690e28a9fe0a1a27b8d.jpg,false,
Town of Night,546990,0,0,https://steamcdn-a.akamaihd.net/steamcommunity/public/images/apps/546990/9f361bcffa03a8120b82da28d8a93d7c653e9bee.jpg,false,
Toybox Turbos,287260,0,0,https://steamcdn-a.akamaihd.net/steamcommunity/public/images/apps/287260/45dfbe6a37565fa5fb731a4a2c7c96f1c830d901.jpg,false,
Transistor,237930,0,0,https://steamcdn-a.akamaihd.net/steamcommunity/public/images/apps/237930/705c88fb22dc45a6e886f5afd96ba3c2e258aa06.jpg,false,
Trine,35700,64,0,https://steamcdn-a.akamaihd.net/steamcommunity/public/images/apps/35700/b4cc556db2d1101effb23e576aaeeb3b799157c6.jpg,false,
Trine 2,35720,66,0,https://steamcdn-a.akamaihd.net/steamcommunity/public/images/apps/35720/7d7c3b93bd85ad1db2a07f6cca01a767069c6407.jpg,false,
Trine 3: The Artifacts of Power,319910,0,0,https://steamcdn-a.akamaihd.net/steamcommunity/public/images/apps/319910/0add332eadf0fff659f29f665048691cdeafd3f4.jpg,false,
TRON RUN/r,392000,11,0,https://steamcdn-a.akamaihd.net/steamcommunity/public/images/apps/392000/34ba1a4ee8c723f84001965423851099c7941b2f.jpg,false,
Tropico 4,57690,39,0,https://steamcdn-a.akamaihd.net/steamcommunity/public/images/apps/57690/9123d91a47399baf116c2949dcebcd42b1962fbe.jpg,false,
Turbo Pug,418070,0,0,https://steamcdn-a.akamaihd.net/steamcommunity/public/images/apps/418070/f7c0724c7e406e0a86079ac496443a77560d490f.jpg,false,
Turbo Pug 3D,528510,0,0,https://steamcdn-a.akamaihd.net/steamcommunity/public/images/apps/528510/71898a636323201976ab9ad9f208656d6b116abf.jpg,false,
Turbo Pug DX,513780,0,0,https://steamcdn-a.akamaihd.net/steamcommunity/public/images/apps/513780/62c6a7d889d7269cd80561a3259ba5ba9d0575ef.jpg,false,
TWINKLE STAR SPRITES,366280,0,0,https://steamcdn-a.akamaihd.net/steamcommunity/public/images/apps/366280/67f775b54a5eb482e56cc6ad9e5ee8230ac1fc4a.jpg,false,
Type:Rider,258890,0,0,https://steamcdn-a.akamaihd.net/steamcommunity/public/images/apps/258890/9932ad807beac236c3af3ff151cb782c6b9ba60b.jpg,false,
UBERMOSH,357070,0,0,https://steamcdn-a.akamaihd.net/steamcommunity/public/images/apps/357070/1f7daf29d96330f9d291801ec9e352660a196986.jpg,false,
Ultra Street Fighter IV,45760,45,0,https://steamcdn-a.akamaihd.net/steamcommunity/public/images/apps/45760/bdd481249e579f852056b51db32a6279444d4f47.jpg,false,
Uncanny Valley,359580,0,0,https://steamcdn-a.akamaihd.net/steamcommunity/public/images/apps/359580/90c693b7e438de33098abc1abea9aee97773ee05.jpg,false,
Valkyria Chronicles™,294860,0,0,https://steamcdn-a.akamaihd.net/steamcommunity/public/images/apps/294860/08316e1d6a45d8e13de7f5e1a1480cf4efff15cf.jpg,false,
VEGAS Movie Studio 13 Platinum - Steam Powered,330070,1584,0,https://steamcdn-a.akamaihd.net/steamcommunity/public/images/apps/330070/780a94b8cc1be67cf76c221d2a53b9f43126d719.jpg,false,
Vessel,108500,0,0,https://steamcdn-a.akamaihd.net/steamcommunity/public/images/apps/108500/086f0d6b8d1e0df72a5699d50529b964bd26bc15.jpg,false,
Viking: Battle for Asgard,211160,0,0,https://steamcdn-a.akamaihd.net/steamcommunity/public/images/apps/211160/bc838a2645c033337296d94235bdd4e6f87a6c79.jpg,false,
Viscera Cleanup Detail: Shadow Warrior,255520,0,0,https://steamcdn-a.akamaihd.net/steamcommunity/public/images/apps/255520/09a86e49413f57dc99f2e7f54b029868ffb5cbc8.jpg,false,
VVVVVV,70300,0,0,https://steamcdn-a.akamaihd.net/steamcommunity/public/images/apps/70300/3d362d64d51ce524f12c853290ca6cce5761ff1c.jpg,false,
Wacky Wheels,358380,0,0,https://steamcdn-a.akamaihd.net/steamcommunity/public/images/apps/358380/bfcfcaa23cf772372cb7acdc8cffbe0834511e0a.jpg,false,
Waking Mars,227200,27,0,https://steamcdn-a.akamaihd.net/steamcommunity/public/images/apps/227200/aac63e8d7578931f7f7520a1d3e0db96dbd68293.jpg,false,
Wallpaper Engine,431960,28,0,https://steamcdn-a.akamaihd.net/steamcommunity/public/images/apps/431960/74bcecbde31f489e396f656910c2f70872dcb0f3.jpg,false,
War Thunder,236390,466,0,https://steamcdn-a.akamaihd.net/steamcommunity/public/images/apps/236390/0c6a14f66f95baf08da8199142b09b51d3cd6273.jpg,false,
Warframe,230410,70,0,https://steamcdn-a.akamaihd.net/steamcommunity/public/images/apps/230410/3785f3576cdef5cf20a8b815bdf867154ccbe7d5.jpg,false,
Warhammer 40 000: Space Marine,55150,0,0,0,false,
Warhammer 40 000: Dawn of War - Game of the Year Edition,4570,0,0,0,false,
Warriors of Vilvatikta,515690,0,0,https://steamcdn-a.akamaihd.net/steamcommunity/public/images/apps/515690/e449f06c0fac094735f593d3756e82ffeae6203b.jpg,false,
Watchmen: The End Is Nigh,21010,3,0,https://steamcdn-a.akamaihd.net/steamcommunity/public/images/apps/21010/5904a7927c8ada2f8e38dba0fe5d914d6a93ec8b.jpg,false,
Waveform,204180,0,0,https://steamcdn-a.akamaihd.net/steamcommunity/public/images/apps/204180/182864a1336f4644baac33beeec8dd9065fc8cc6.jpg,false,
Wizardry 8,245450,0,0,https://steamcdn-a.akamaihd.net/steamcommunity/public/images/apps/245450/5b82b86d1dcd8116cfaa29f140eea118bf3a5d16.jpg,false,
Wolfenstein: The Old Blood ,350080,105,0,https://steamcdn-a.akamaihd.net/steamcommunity/public/images/apps/350080/91b96f8e81a82dabe53c95fd8d93b5dcdbb60fec.jpg,false,
WRC 4 FIA WORLD RALLY CHAMPIONSHIP,256330,22,0,https://steamcdn-a.akamaihd.net/steamcommunity/public/images/apps/256330/550f54d321a3b3061f43b49bb5180fe1002108d6.jpg,false,
X-COM: Apocalypse,7660,0,0,https://steamcdn-a.akamaihd.net/steamcommunity/public/images/apps/7660/4923dd4eb4543002e32a0a0b9fc91b131c908c49.jpg,true,
XCOM: Enemy Unknown,200510,17,0,https://steamcdn-a.akamaihd.net/steamcommunity/public/images/apps/200510/eaa298d2b0d908b2c4f5370d2c8c59a8eff887c6.jpg,false,
X-COM: Enforcer,7770,0,0,https://steamcdn-a.akamaihd.net/steamcommunity/public/images/apps/7770/243a13984cf8c2a9ac67ca2139c488e4af455ae2.jpg,true,
X-COM: Interceptor,7730,0,0,https://steamcdn-a.akamaihd.net/steamcommunity/public/images/apps/7730/4df564f8463f552f2746b209e29935684b0c1270.jpg,false,
X-COM: Terror from the Deep,7650,0,0,https://steamcdn-a.akamaihd.net/steamcommunity/public/images/apps/7650/a6a66cdc8f2f59fd3b7fab14cb7930cbbc21f311.jpg,true,
X-COM: UFO Defense,7760,0,0,https://steamcdn-a.akamaihd.net/steamcommunity/public/images/apps/7760/4449650c699b0f876be9968735e66d719e714f5a.jpg,false,
XenoRaptor,298280,9,0,https://steamcdn-a.akamaihd.net/steamcommunity/public/images/apps/298280/fc55277b834fc2ef1ab6d9c604cd0e6e36180af7.jpg,false,
XSplit,433800,2,0,https://steamcdn-a.akamaihd.net/steamcommunity/public/images/apps/433800/22cc802cb336017d6768417b65949fae94d81a4a.jpg,false,
Zack Zero,234290,53,0,https://steamcdn-a.akamaihd.net/steamcommunity/public/images/apps/234290/094b8beb594d79a71c8c6cfd88020fdc71adb1ef.jpg,false,
ZOMBI,339230,4,0,https://steamcdn-a.akamaihd.net/steamcommunity/public/images/apps/339230/3210512af2f1804334576daebc3b31afb6ee064f.jpg,false,
Zuma's Revenge,3620,3751,0,https://steamcdn-a.akamaihd.net/steamcommunity/public/images/apps/3620/bf8864417bd820b89db8b025aef85611dc3b8b5d.jpg,false,
